scene,radius,d,backend,epochs,frames,dice_mean,loss_mean,fp_mean,fn_mean,fp_rate_mean,fn_rate_mean,fp_ratio_mean,gv_ratio_mean,infer_time_mean,infer_time_pure_mean,interleaver_time_mean,sparse_core_time_mean,deinterleaver_time_mean,peak_mem,density_mean,train_exp_dir,metrics_output_dir,timing_output_dir,predicted_pvv_folder,metrics_log,timing_log
bigcity,r30,8,fvdb,100,10,nan,nan,nan,nan,nan,nan,nan,nan,32.00040378527728,27.808161358633598,0.2175122986739987,27.808161358633598,3.8369448464506,369.30419921875,0.026570444254531075,"/var/tmp/atighedl_runs/NEURALPVS_MAY19_SYNTHETIC_100EP/fvdb_out/OACNNsInterleaved_synthetic_may19_r30_1000_t3000_dice,no_guess_20260521-015106_synthetic_may19_r30_fvdb_d8_b3_depth3_100ep_Gj9L3PP1",/var/tmp/atighedl_runs/final_all_inference/fvdb_out/OACNNsInterleaved_final_infer_bigcity_r30_dice_20260522-145830_synthetic_may19_r30_fvdb_d8_b3_depth3_100ep-final_bigcity_r30_fvdb_d8_100ep_metrics_C05IszK6,/var/tmp/atighedl_runs/final_all_inference/fvdb_out/OACNNsInterleaved_final_infer_bigcity_r30_dice_20260522-145852_synthetic_may19_r30_fvdb_d8_b3_depth3_100ep-final_bigcity_r30_fvdb_d8_100ep_timing_IQPD65Pm,/var/tmp/atighedl_runs/final_all_inference/fvdb_out/OACNNsInterleaved_final_infer_bigcity_r30_dice_20260522-145830_synthetic_may19_r30_fvdb_d8_b3_depth3_100ep-final_bigcity_r30_fvdb_d8_100ep_metrics_C05IszK6/inference/0,/var/tmp/atighedl_runs/final_all_inference/logs/infer_bigcity_r30_fvdb_d8_100ep_metrics.log,/var/tmp/atighedl_runs/final_all_inference/logs/infer_bigcity_r30_fvdb_d8_100ep_timing.log
industrial,r30,8,fvdb,100,10,nan,nan,nan,nan,nan,nan,nan,nan,30.41959829332138,27.906106028240174,0.21776788680227066,27.906106028240174,1.9806644238549498,306.576171875,0.01051964972793147,"/var/tmp/atighedl_runs/NEURALPVS_MAY19_SYNTHETIC_100EP/fvdb_out/OACNNsInterleaved_synthetic_may19_r30_1000_t3000_dice,no_guess_20260521-015106_synthetic_may19_r30_fvdb_d8_b3_depth3_100ep_Gj9L3PP1",/var/tmp/atighedl_runs/final_all_inference/fvdb_out/OACNNsInterleaved_final_infer_industrial_r30_dice_20260522-145929_synthetic_may19_r30_fvdb_d8_b3_depth3_100ep-final_industrial_r30_fvdb_d8_100ep_metrics_7opC9wD0,/var/tmp/atighedl_runs/final_all_inference/fvdb_out/OACNNsInterleaved_final_infer_industrial_r30_dice_20260522-150041_synthetic_may19_r30_fvdb_d8_b3_depth3_100ep-final_industrial_r30_fvdb_d8_100ep_timing_x3GOXbDN,/var/tmp/atighedl_runs/final_all_inference/fvdb_out/OACNNsInterleaved_final_infer_industrial_r30_dice_20260522-145929_synthetic_may19_r30_fvdb_d8_b3_depth3_100ep-final_industrial_r30_fvdb_d8_100ep_metrics_7opC9wD0/inference/0,/var/tmp/atighedl_runs/final_all_inference/logs/infer_industrial_r30_fvdb_d8_100ep_metrics.log,/var/tmp/atighedl_runs/final_all_inference/logs/infer_industrial_r30_fvdb_d8_100ep_timing.log
robotlab,r30,8,fvdb,100,10,nan,nan,nan,nan,nan,nan,nan,nan,31.212512956880126,27.833591484361225,0.21791290517127057,27.833591484361225,3.031978573734787,353.458984375,0.018247169579646384,"/var/tmp/atighedl_runs/NEURALPVS_MAY19_SYNTHETIC_100EP/fvdb_out/OACNNsInterleaved_synthetic_may19_r30_1000_t3000_dice,no_guess_20260521-015106_synthetic_may19_r30_fvdb_d8_b3_depth3_100ep_Gj9L3PP1",/var/tmp/atighedl_runs/final_all_inference/fvdb_out/OACNNsInterleaved_final_infer_robotlab_r30_dice_20260522-150158_synthetic_may19_r30_fvdb_d8_b3_depth3_100ep-final_robotlab_r30_fvdb_d8_100ep_metrics_MqrymIWz,/var/tmp/atighedl_runs/final_all_inference/fvdb_out/OACNNsInterleaved_final_infer_robotlab_r30_dice_20260522-150234_synthetic_may19_r30_fvdb_d8_b3_depth3_100ep-final_robotlab_r30_fvdb_d8_100ep_timing_qLeS14rZ,/var/tmp/atighedl_runs/final_all_inference/fvdb_out/OACNNsInterleaved_final_infer_robotlab_r30_dice_20260522-150158_synthetic_may19_r30_fvdb_d8_b3_depth3_100ep-final_robotlab_r30_fvdb_d8_100ep_metrics_MqrymIWz/inference/0,/var/tmp/atighedl_runs/final_all_inference/logs/infer_robotlab_r30_fvdb_d8_100ep_metrics.log,/var/tmp/atighedl_runs/final_all_inference/logs/infer_robotlab_r30_fvdb_d8_100ep_timing.log
sponza,r30,8,fvdb,100,10,nan,nan,nan,nan,nan,nan,nan,nan,35.70608897233739,28.577972468920052,0.21645989165699575,28.577972468920052,6.924273838665439,449.37890625,0.042099212624424294,"/var/tmp/atighedl_runs/NEURALPVS_MAY19_SYNTHETIC_100EP/fvdb_out/OACNNsInterleaved_synthetic_may19_r30_1000_t3000_dice,no_guess_20260521-015106_synthetic_may19_r30_fvdb_d8_b3_depth3_100ep_Gj9L3PP1",/var/tmp/atighedl_runs/final_all_inference/fvdb_out/OACNNsInterleaved_final_infer_sponza_r30_dice_20260522-150314_synthetic_may19_r30_fvdb_d8_b3_depth3_100ep-final_sponza_r30_fvdb_d8_100ep_metrics_wdIdYgL7,/var/tmp/atighedl_runs/final_all_inference/fvdb_out/OACNNsInterleaved_final_infer_sponza_r30_dice_20260522-150449_synthetic_may19_r30_fvdb_d8_b3_depth3_100ep-final_sponza_r30_fvdb_d8_100ep_timing_F9u9uLkS,/var/tmp/atighedl_runs/final_all_inference/fvdb_out/OACNNsInterleaved_final_infer_sponza_r30_dice_20260522-150314_synthetic_may19_r30_fvdb_d8_b3_depth3_100ep-final_sponza_r30_fvdb_d8_100ep_metrics_wdIdYgL7/inference/0,/var/tmp/atighedl_runs/final_all_inference/logs/infer_sponza_r30_fvdb_d8_100ep_metrics.log,/var/tmp/atighedl_runs/final_all_inference/logs/infer_sponza_r30_fvdb_d8_100ep_timing.log
viking,r30,8,fvdb,100,10,nan,nan,nan,nan,nan,nan,nan,nan,31.64887792339454,27.696531041504723,0.21686939545907083,27.696531041504723,3.6296836791418334,353.90673828125,0.02631514113223349,"/var/tmp/atighedl_runs/NEURALPVS_MAY19_SYNTHETIC_100EP/fvdb_out/OACNNsInterleaved_synthetic_may19_r30_1000_t3000_dice,no_guess_20260521-015106_synthetic_may19_r30_fvdb_d8_b3_depth3_100ep_Gj9L3PP1",/var/tmp/atighedl_runs/final_all_inference/fvdb_out/OACNNsInterleaved_final_infer_viking_r30_dice_20260522-150545_synthetic_may19_r30_fvdb_d8_b3_depth3_100ep-final_viking_r30_fvdb_d8_100ep_metrics_BG8xPZvr,/var/tmp/atighedl_runs/final_all_inference/fvdb_out/OACNNsInterleaved_final_infer_viking_r30_dice_20260522-150839_synthetic_may19_r30_fvdb_d8_b3_depth3_100ep-final_viking_r30_fvdb_d8_100ep_timing_9BCqUQfU,/var/tmp/atighedl_runs/final_all_inference/fvdb_out/OACNNsInterleaved_final_infer_viking_r30_dice_20260522-150545_synthetic_may19_r30_fvdb_d8_b3_depth3_100ep-final_viking_r30_fvdb_d8_100ep_metrics_BG8xPZvr/inference/0,/var/tmp/atighedl_runs/final_all_inference/logs/infer_viking_r30_fvdb_d8_100ep_metrics.log,/var/tmp/atighedl_runs/final_all_inference/logs/infer_viking_r30_fvdb_d8_100ep_timing.log
bigcity,r30,8,spconv,100,10,nan,nan,nan,nan,nan,nan,nan,nan,17.250000075276557,16.81684851133661,0.2164367399091134,nan,0.21671482403083547,316.63232421875,0.026570444254531075,"/var/tmp/atighedl_runs/NEURALPVS_MAY19_SYNTHETIC_100EP/spconv_out/OACNNsInterleaved_synthetic_may19_r30_1000_t3000_dice,no_guess_20260521-053357_synthetic_may19_r30_spconv_d8_b3_depth3_100ep_gptw6kVv",/var/tmp/atighedl_runs/final_all_inference/spconv_out/OACNNsInterleaved_final_infer_bigcity_r30_dice_20260522-151122_synthetic_may19_r30_spconv_d8_b3_depth3_100ep-final_bigcity_r30_spconv_d8_100ep_metrics_CRfpO07z,/var/tmp/atighedl_runs/final_all_inference/spconv_out/OACNNsInterleaved_final_infer_bigcity_r30_dice_20260522-151218_synthetic_may19_r30_spconv_d8_b3_depth3_100ep-final_bigcity_r30_spconv_d8_100ep_timing_zpMKm7vB,/var/tmp/atighedl_runs/final_all_inference/spconv_out/OACNNsInterleaved_final_infer_bigcity_r30_dice_20260522-151122_synthetic_may19_r30_spconv_d8_b3_depth3_100ep-final_bigcity_r30_spconv_d8_100ep_metrics_CRfpO07z/inference/0,/var/tmp/atighedl_runs/final_all_inference/logs/infer_bigcity_r30_spconv_d8_100ep_metrics.log,/var/tmp/atighedl_runs/final_all_inference/logs/infer_bigcity_r30_spconv_d8_100ep_timing.log
industrial,r30,8,spconv,100,10,nan,nan,nan,nan,nan,nan,nan,nan,16.866637607456283,16.43411143028742,0.21640988283130957,nan,0.21611629433755297,280.4580078125,0.01051964972793147,"/var/tmp/atighedl_runs/NEURALPVS_MAY19_SYNTHETIC_100EP/spconv_out/OACNNsInterleaved_synthetic_may19_r30_1000_t3000_dice,no_guess_20260521-053357_synthetic_may19_r30_spconv_d8_b3_depth3_100ep_gptw6kVv",/var/tmp/atighedl_runs/final_all_inference/spconv_out/OACNNsInterleaved_final_infer_industrial_r30_dice_20260522-151329_synthetic_may19_r30_spconv_d8_b3_depth3_100ep-final_industrial_r30_spconv_d8_100ep_metrics_QBz9yHNg,/var/tmp/atighedl_runs/final_all_inference/spconv_out/OACNNsInterleaved_final_infer_industrial_r30_dice_20260522-151508_synthetic_may19_r30_spconv_d8_b3_depth3_100ep-final_industrial_r30_spconv_d8_100ep_timing_HgxPjc9V,/var/tmp/atighedl_runs/final_all_inference/spconv_out/OACNNsInterleaved_final_infer_industrial_r30_dice_20260522-151329_synthetic_may19_r30_spconv_d8_b3_depth3_100ep-final_industrial_r30_spconv_d8_100ep_metrics_QBz9yHNg/inference/0,/var/tmp/atighedl_runs/final_all_inference/logs/infer_industrial_r30_spconv_d8_100ep_metrics.log,/var/tmp/atighedl_runs/final_all_inference/logs/infer_industrial_r30_spconv_d8_100ep_timing.log
robotlab,r30,8,spconv,100,10,nan,nan,nan,nan,nan,nan,nan,nan,17.111761204631357,16.678858898798136,0.2164041883709918,nan,0.21649811746222744,306.69580078125,0.018247169579646384,"/var/tmp/atighedl_runs/NEURALPVS_MAY19_SYNTHETIC_100EP/spconv_out/OACNNsInterleaved_synthetic_may19_r30_1000_t3000_dice,no_guess_20260521-053357_synthetic_may19_r30_spconv_d8_b3_depth3_100ep_gptw6kVv",/var/tmp/atighedl_runs/final_all_inference/spconv_out/OACNNsInterleaved_final_infer_robotlab_r30_dice_20260522-151657_synthetic_may19_r30_spconv_d8_b3_depth3_100ep-final_robotlab_r30_spconv_d8_100ep_metrics_gAdISkp9,/var/tmp/atighedl_runs/final_all_inference/spconv_out/OACNNsInterleaved_final_infer_robotlab_r30_dice_20260522-151808_synthetic_may19_r30_spconv_d8_b3_depth3_100ep-final_robotlab_r30_spconv_d8_100ep_timing_NUV0NTEB,/var/tmp/atighedl_runs/final_all_inference/spconv_out/OACNNsInterleaved_final_infer_robotlab_r30_dice_20260522-151657_synthetic_may19_r30_spconv_d8_b3_depth3_100ep-final_robotlab_r30_spconv_d8_100ep_metrics_gAdISkp9/inference/0,/var/tmp/atighedl_runs/final_all_inference/logs/infer_robotlab_r30_spconv_d8_100ep_metrics.log,/var/tmp/atighedl_runs/final_all_inference/logs/infer_robotlab_r30_spconv_d8_100ep_timing.log
sponza,r30,8,spconv,100,10,nan,nan,nan,nan,nan,nan,nan,nan,17.41463797588949,16.983257132907358,0.21623245636874344,nan,0.21514838661338823,366.48486328125,0.042099212624424294,"/var/tmp/atighedl_runs/NEURALPVS_MAY19_SYNTHETIC_100EP/spconv_out/OACNNsInterleaved_synthetic_may19_r30_1000_t3000_dice,no_guess_20260521-053357_synthetic_may19_r30_spconv_d8_b3_depth3_100ep_gptw6kVv",/var/tmp/atighedl_runs/final_all_inference/spconv_out/OACNNsInterleaved_final_infer_sponza_r30_dice_20260522-151921_synthetic_may19_r30_spconv_d8_b3_depth3_100ep-final_sponza_r30_spconv_d8_100ep_metrics_7PdYvxHz,/var/tmp/atighedl_runs/final_all_inference/spconv_out/OACNNsInterleaved_final_infer_sponza_r30_dice_20260522-152106_synthetic_may19_r30_spconv_d8_b3_depth3_100ep-final_sponza_r30_spconv_d8_100ep_timing_LoiI5NF7,/var/tmp/atighedl_runs/final_all_inference/spconv_out/OACNNsInterleaved_final_infer_sponza_r30_dice_20260522-151921_synthetic_may19_r30_spconv_d8_b3_depth3_100ep-final_sponza_r30_spconv_d8_100ep_metrics_7PdYvxHz/inference/0,/var/tmp/atighedl_runs/final_all_inference/logs/infer_sponza_r30_spconv_d8_100ep_metrics.log,/var/tmp/atighedl_runs/final_all_inference/logs/infer_sponza_r30_spconv_d8_100ep_timing.log
viking,r30,8,spconv,100,10,nan,nan,nan,nan,nan,nan,nan,nan,17.209878664614177,16.782502494238287,0.21600327286190196,nan,0.21137289751398686,307.2177734375,0.02631514113223349,"/var/tmp/atighedl_runs/NEURALPVS_MAY19_SYNTHETIC_100EP/spconv_out/OACNNsInterleaved_synthetic_may19_r30_1000_t3000_dice,no_guess_20260521-053357_synthetic_may19_r30_spconv_d8_b3_depth3_100ep_gptw6kVv",/var/tmp/atighedl_runs/final_all_inference/spconv_out/OACNNsInterleaved_final_infer_viking_r30_dice_20260522-152236_synthetic_may19_r30_spconv_d8_b3_depth3_100ep-final_viking_r30_spconv_d8_100ep_metrics_qRVB5p80,/var/tmp/atighedl_runs/final_all_inference/spconv_out/OACNNsInterleaved_final_infer_viking_r30_dice_20260522-152540_synthetic_may19_r30_spconv_d8_b3_depth3_100ep-final_viking_r30_spconv_d8_100ep_timing_ZvzQO0sp,/var/tmp/atighedl_runs/final_all_inference/spconv_out/OACNNsInterleaved_final_infer_viking_r30_dice_20260522-152236_synthetic_may19_r30_spconv_d8_b3_depth3_100ep-final_viking_r30_spconv_d8_100ep_metrics_qRVB5p80/inference/0,/var/tmp/atighedl_runs/final_all_inference/logs/infer_viking_r30_spconv_d8_100ep_metrics.log,/var/tmp/atighedl_runs/final_all_inference/logs/infer_viking_r30_spconv_d8_100ep_timing.log
bigcity,r30,16,fvdb,100,10,nan,nan,nan,nan,nan,nan,nan,nan,34.62997505537652,27.521297586365385,0.20125384399667381,27.521297586365385,6.773078280840875,467.3359375,0.026570444254531075,"/var/tmp/atighedl_runs/NEURALPVS_MAY19_SYNTHETIC_100EP/fvdb_out/OACNNsInterleaved_synthetic_may19_r30_1000_t3000_dice,no_guess_20260520-184547_synthetic_may19_r30_fvdb_d16_b3_depth3_100ep_sHahS4ZK",/var/tmp/atighedl_runs/final_all_inference/fvdb_out/OACNNsInterleaved_final_infer_bigcity_r30_dice_20260522-152732_synthetic_may19_r30_fvdb_d16_b3_depth3_100ep-final_bigcity_r30_fvdb_d16_100ep_metrics_rfSY87ct,/var/tmp/atighedl_runs/final_all_inference/fvdb_out/OACNNsInterleaved_final_infer_bigcity_r30_dice_20260522-152755_synthetic_may19_r30_fvdb_d16_b3_depth3_100ep-final_bigcity_r30_fvdb_d16_100ep_timing_ptVLYSEt,/var/tmp/atighedl_runs/final_all_inference/fvdb_out/OACNNsInterleaved_final_infer_bigcity_r30_dice_20260522-152732_synthetic_may19_r30_fvdb_d16_b3_depth3_100ep-final_bigcity_r30_fvdb_d16_100ep_metrics_rfSY87ct/inference/0,/var/tmp/atighedl_runs/final_all_inference/logs/infer_bigcity_r30_fvdb_d16_100ep_metrics.log,/var/tmp/atighedl_runs/final_all_inference/logs/infer_bigcity_r30_fvdb_d16_100ep_timing.log
industrial,r30,16,fvdb,100,10,nan,nan,nan,nan,nan,nan,nan,nan,31.382126724201953,27.280840490635928,0.2008621087530628,27.280840490635928,3.7877418712670803,393.6806640625,0.01051964972793147,"/var/tmp/atighedl_runs/NEURALPVS_MAY19_SYNTHETIC_100EP/fvdb_out/OACNNsInterleaved_synthetic_may19_r30_1000_t3000_dice,no_guess_20260520-184547_synthetic_may19_r30_fvdb_d16_b3_depth3_100ep_sHahS4ZK",/var/tmp/atighedl_runs/final_all_inference/fvdb_out/OACNNsInterleaved_final_infer_industrial_r30_dice_20260522-152832_synthetic_may19_r30_fvdb_d16_b3_depth3_100ep-final_industrial_r30_fvdb_d16_100ep_metrics_DgthMiIt,/var/tmp/atighedl_runs/final_all_inference/fvdb_out/OACNNsInterleaved_final_infer_industrial_r30_dice_20260522-152946_synthetic_may19_r30_fvdb_d16_b3_depth3_100ep-final_industrial_r30_fvdb_d16_100ep_timing_tidCMPO7,/var/tmp/atighedl_runs/final_all_inference/fvdb_out/OACNNsInterleaved_final_infer_industrial_r30_dice_20260522-152832_synthetic_may19_r30_fvdb_d16_b3_depth3_100ep-final_industrial_r30_fvdb_d16_100ep_metrics_DgthMiIt/inference/0,/var/tmp/atighedl_runs/final_all_inference/logs/infer_industrial_r30_fvdb_d16_100ep_metrics.log,/var/tmp/atighedl_runs/final_all_inference/logs/infer_industrial_r30_fvdb_d16_100ep_timing.log
robotlab,r30,16,fvdb,100,10,nan,nan,nan,nan,nan,nan,nan,nan,34.48435014097727,27.588393305720004,0.2008530108025297,27.588393305720004,6.673887026341012,461.4365234375,0.018247169579646384,"/var/tmp/atighedl_runs/NEURALPVS_MAY19_SYNTHETIC_100EP/fvdb_out/OACNNsInterleaved_synthetic_may19_r30_1000_t3000_dice,no_guess_20260520-184547_synthetic_may19_r30_fvdb_d16_b3_depth3_100ep_sHahS4ZK",/var/tmp/atighedl_runs/final_all_inference/fvdb_out/OACNNsInterleaved_final_infer_robotlab_r30_dice_20260522-153103_synthetic_may19_r30_fvdb_d16_b3_depth3_100ep-final_robotlab_r30_fvdb_d16_100ep_metrics_fK2IPb4q,/var/tmp/atighedl_runs/final_all_inference/fvdb_out/OACNNsInterleaved_final_infer_robotlab_r30_dice_20260522-153138_synthetic_may19_r30_fvdb_d16_b3_depth3_100ep-final_robotlab_r30_fvdb_d16_100ep_timing_0qSJAfUH,/var/tmp/atighedl_runs/final_all_inference/fvdb_out/OACNNsInterleaved_final_infer_robotlab_r30_dice_20260522-153103_synthetic_may19_r30_fvdb_d16_b3_depth3_100ep-final_robotlab_r30_fvdb_d16_100ep_metrics_fK2IPb4q/inference/0,/var/tmp/atighedl_runs/final_all_inference/logs/infer_robotlab_r30_fvdb_d16_100ep_metrics.log,/var/tmp/atighedl_runs/final_all_inference/logs/infer_robotlab_r30_fvdb_d16_100ep_timing.log
sponza,r30,16,fvdb,100,10,nan,nan,nan,nan,nan,nan,nan,nan,39.909482709065614,28.050500846223375,0.2004405799275264,28.050500846223375,11.556454442589628,608.134765625,0.042099212624424294,"/var/tmp/atighedl_runs/NEURALPVS_MAY19_SYNTHETIC_100EP/fvdb_out/OACNNsInterleaved_synthetic_may19_r30_1000_t3000_dice,no_guess_20260520-184547_synthetic_may19_r30_fvdb_d16_b3_depth3_100ep_sHahS4ZK",/var/tmp/atighedl_runs/final_all_inference/fvdb_out/OACNNsInterleaved_final_infer_sponza_r30_dice_20260522-153220_synthetic_may19_r30_fvdb_d16_b3_depth3_100ep-final_sponza_r30_fvdb_d16_100ep_metrics_kmPE7Mt2,/var/tmp/atighedl_runs/final_all_inference/fvdb_out/OACNNsInterleaved_final_infer_sponza_r30_dice_20260522-153353_synthetic_may19_r30_fvdb_d16_b3_depth3_100ep-final_sponza_r30_fvdb_d16_100ep_timing_RfHpF9vJ,/var/tmp/atighedl_runs/final_all_inference/fvdb_out/OACNNsInterleaved_final_infer_sponza_r30_dice_20260522-153220_synthetic_may19_r30_fvdb_d16_b3_depth3_100ep-final_sponza_r30_fvdb_d16_100ep_metrics_kmPE7Mt2/inference/0,/var/tmp/atighedl_runs/final_all_inference/logs/infer_sponza_r30_fvdb_d16_100ep_metrics.log,/var/tmp/atighedl_runs/final_all_inference/logs/infer_sponza_r30_fvdb_d16_100ep_timing.log
viking,r30,16,fvdb,100,10,nan,nan,nan,nan,nan,nan,nan,nan,34.475154930738455,27.512566775600373,0.20046096176374706,27.512566775600373,6.670508539769798,462.2333984375,0.02631514113223349,"/var/tmp/atighedl_runs/NEURALPVS_MAY19_SYNTHETIC_100EP/fvdb_out/OACNNsInterleaved_synthetic_may19_r30_1000_t3000_dice,no_guess_20260520-184547_synthetic_may19_r30_fvdb_d16_b3_depth3_100ep_sHahS4ZK",/var/tmp/atighedl_runs/final_all_inference/fvdb_out/OACNNsInterleaved_final_infer_viking_r30_dice_20260522-153449_synthetic_may19_r30_fvdb_d16_b3_depth3_100ep-final_viking_r30_fvdb_d16_100ep_metrics_KAhJWcs8,/var/tmp/atighedl_runs/final_all_inference/fvdb_out/OACNNsInterleaved_final_infer_viking_r30_dice_20260522-153747_synthetic_may19_r30_fvdb_d16_b3_depth3_100ep-final_viking_r30_fvdb_d16_100ep_timing_lrIhsrzh,/var/tmp/atighedl_runs/final_all_inference/fvdb_out/OACNNsInterleaved_final_infer_viking_r30_dice_20260522-153449_synthetic_may19_r30_fvdb_d16_b3_depth3_100ep-final_viking_r30_fvdb_d16_100ep_metrics_KAhJWcs8/inference/0,/var/tmp/atighedl_runs/final_all_inference/logs/infer_viking_r30_fvdb_d16_100ep_metrics.log,/var/tmp/atighedl_runs/final_all_inference/logs/infer_viking_r30_fvdb_d16_100ep_timing.log
bigcity,r30,16,spconv,100,10,nan,nan,nan,nan,nan,nan,nan,nan,17.753974553148087,17.340520421079262,0.2003264905279502,nan,0.2131276415408744,386.44482421875,0.026570444254531075,"/var/tmp/atighedl_runs/NEURALPVS_MAY19_SYNTHETIC_100EP/spconv_out/OACNNsInterleaved_synthetic_may19_r30_1000_t3000_dice,no_guess_20260520-222434_synthetic_may19_r30_spconv_d16_b3_depth3_100ep_PBL6z7sy",/var/tmp/atighedl_runs/final_all_inference/spconv_out/OACNNsInterleaved_final_infer_bigcity_r30_dice_20260522-154018_synthetic_may19_r30_spconv_d16_b3_depth3_100ep-final_bigcity_r30_spconv_d16_100ep_metrics_fKPMGSfI,/var/tmp/atighedl_runs/final_all_inference/spconv_out/OACNNsInterleaved_final_infer_bigcity_r30_dice_20260522-154109_synthetic_may19_r30_spconv_d16_b3_depth3_100ep-final_bigcity_r30_spconv_d16_100ep_timing_0TnBhdQ2,/var/tmp/atighedl_runs/final_all_inference/spconv_out/OACNNsInterleaved_final_infer_bigcity_r30_dice_20260522-154018_synthetic_may19_r30_spconv_d16_b3_depth3_100ep-final_bigcity_r30_spconv_d16_100ep_metrics_fKPMGSfI/inference/0,/var/tmp/atighedl_runs/final_all_inference/logs/infer_bigcity_r30_spconv_d16_100ep_metrics.log,/var/tmp/atighedl_runs/final_all_inference/logs/infer_bigcity_r30_spconv_d16_100ep_timing.log
industrial,r30,16,spconv,100,10,nan,nan,nan,nan,nan,nan,nan,nan,17.519093008705422,17.10665979190253,0.2005628802906722,nan,0.21187033651222006,341.55810546875,0.01051964972793147,"/var/tmp/atighedl_runs/NEURALPVS_MAY19_SYNTHETIC_100EP/spconv_out/OACNNsInterleaved_synthetic_may19_r30_1000_t3000_dice,no_guess_20260520-222434_synthetic_may19_r30_spconv_d16_b3_depth3_100ep_PBL6z7sy",/var/tmp/atighedl_runs/final_all_inference/spconv_out/OACNNsInterleaved_final_infer_industrial_r30_dice_20260522-154218_synthetic_may19_r30_spconv_d16_b3_depth3_100ep-final_industrial_r30_spconv_d16_100ep_metrics_LBdLDbEj,/var/tmp/atighedl_runs/final_all_inference/spconv_out/OACNNsInterleaved_final_infer_industrial_r30_dice_20260522-154402_synthetic_may19_r30_spconv_d16_b3_depth3_100ep-final_industrial_r30_spconv_d16_100ep_timing_Kjqyp8kg,/var/tmp/atighedl_runs/final_all_inference/spconv_out/OACNNsInterleaved_final_infer_industrial_r30_dice_20260522-154218_synthetic_may19_r30_spconv_d16_b3_depth3_100ep-final_industrial_r30_spconv_d16_100ep_metrics_LBdLDbEj/inference/0,/var/tmp/atighedl_runs/final_all_inference/logs/infer_industrial_r30_spconv_d16_100ep_metrics.log,/var/tmp/atighedl_runs/final_all_inference/logs/infer_industrial_r30_spconv_d16_100ep_timing.log
robotlab,r30,16,spconv,100,10,nan,nan,nan,nan,nan,nan,nan,nan,17.610780747597513,17.197066260768974,0.2003796327766031,nan,0.21333485405193642,382.7392578125,0.018247169579646384,"/var/tmp/atighedl_runs/NEURALPVS_MAY19_SYNTHETIC_100EP/spconv_out/OACNNsInterleaved_synthetic_may19_r30_1000_t3000_dice,no_guess_20260520-222434_synthetic_may19_r30_spconv_d16_b3_depth3_100ep_PBL6z7sy",/var/tmp/atighedl_runs/final_all_inference/spconv_out/OACNNsInterleaved_final_infer_robotlab_r30_dice_20260522-154549_synthetic_may19_r30_spconv_d16_b3_depth3_100ep-final_robotlab_r30_spconv_d16_100ep_metrics_SAlHJcp5,/var/tmp/atighedl_runs/final_all_inference/spconv_out/OACNNsInterleaved_final_infer_robotlab_r30_dice_20260522-154700_synthetic_may19_r30_spconv_d16_b3_depth3_100ep-final_robotlab_r30_spconv_d16_100ep_timing_KjYDjYXN,/var/tmp/atighedl_runs/final_all_inference/spconv_out/OACNNsInterleaved_final_infer_robotlab_r30_dice_20260522-154549_synthetic_may19_r30_spconv_d16_b3_depth3_100ep-final_robotlab_r30_spconv_d16_100ep_metrics_SAlHJcp5/inference/0,/var/tmp/atighedl_runs/final_all_inference/logs/infer_robotlab_r30_spconv_d16_100ep_metrics.log,/var/tmp/atighedl_runs/final_all_inference/logs/infer_robotlab_r30_spconv_d16_100ep_timing.log
sponza,r30,16,spconv,100,10,nan,nan,nan,nan,nan,nan,nan,nan,18.695006242157447,18.28092732808873,0.20081438989844172,nan,0.21326452417027514,470.380859375,0.042099212624424294,"/var/tmp/atighedl_runs/NEURALPVS_MAY19_SYNTHETIC_100EP/spconv_out/OACNNsInterleaved_synthetic_may19_r30_1000_t3000_dice,no_guess_20260520-222434_synthetic_may19_r30_spconv_d16_b3_depth3_100ep_PBL6z7sy",/var/tmp/atighedl_runs/final_all_inference/spconv_out/OACNNsInterleaved_final_infer_sponza_r30_dice_20260522-154812_synthetic_may19_r30_spconv_d16_b3_depth3_100ep-final_sponza_r30_spconv_d16_100ep_metrics_XmN71GgK,/var/tmp/atighedl_runs/final_all_inference/spconv_out/OACNNsInterleaved_final_infer_sponza_r30_dice_20260522-155008_synthetic_may19_r30_spconv_d16_b3_depth3_100ep-final_sponza_r30_spconv_d16_100ep_timing_TwHtlhDY,/var/tmp/atighedl_runs/final_all_inference/spconv_out/OACNNsInterleaved_final_infer_sponza_r30_dice_20260522-154812_synthetic_may19_r30_spconv_d16_b3_depth3_100ep-final_sponza_r30_spconv_d16_100ep_metrics_XmN71GgK/inference/0,/var/tmp/atighedl_runs/final_all_inference/logs/infer_sponza_r30_spconv_d16_100ep_metrics.log,/var/tmp/atighedl_runs/final_all_inference/logs/infer_sponza_r30_spconv_d16_100ep_timing.log
viking,r30,16,spconv,100,10,nan,nan,nan,nan,nan,nan,nan,nan,17.774396002992777,17.360525629506547,0.20041855406947431,nan,0.21345181941675645,382.98779296875,0.02631514113223349,"/var/tmp/atighedl_runs/NEURALPVS_MAY19_SYNTHETIC_100EP/spconv_out/OACNNsInterleaved_synthetic_may19_r30_1000_t3000_dice,no_guess_20260520-222434_synthetic_may19_r30_spconv_d16_b3_depth3_100ep_PBL6z7sy",/var/tmp/atighedl_runs/final_all_inference/spconv_out/OACNNsInterleaved_final_infer_viking_r30_dice_20260522-155137_synthetic_may19_r30_spconv_d16_b3_depth3_100ep-final_viking_r30_spconv_d16_100ep_metrics_58ORviC3,/var/tmp/atighedl_runs/final_all_inference/spconv_out/OACNNsInterleaved_final_infer_viking_r30_dice_20260522-155456_synthetic_may19_r30_spconv_d16_b3_depth3_100ep-final_viking_r30_spconv_d16_100ep_timing_esJ7tGDr,/var/tmp/atighedl_runs/final_all_inference/spconv_out/OACNNsInterleaved_final_infer_viking_r30_dice_20260522-155137_synthetic_may19_r30_spconv_d16_b3_depth3_100ep-final_viking_r30_spconv_d16_100ep_metrics_58ORviC3/inference/0,/var/tmp/atighedl_runs/final_all_inference/logs/infer_viking_r30_spconv_d16_100ep_metrics.log,/var/tmp/atighedl_runs/final_all_inference/logs/infer_viking_r30_spconv_d16_100ep_timing.log
bigcity,r30,32,fvdb,100,10,nan,nan,nan,nan,nan,nan,nan,nan,36.97439904499333,25.131013999627577,0.2452590774988667,25.131013999627577,11.500478929321451,804.66845703125,0.026570444254531075,"/var/tmp/atighedl_runs/NEURALPVS_MAY19_SYNTHETIC_100EP/fvdb_out/OACNNsInterleaved_synthetic_may19_r30_1000_t3000_dice,no_guess_20260521-131647_synthetic_may19_r30_fvdb_d32_b3_depth3_100ep_MLxWZrVT",/var/tmp/atighedl_runs/final_all_inference/fvdb_out/OACNNsInterleaved_final_infer_bigcity_r30_dice_20260522-155647_synthetic_may19_r30_fvdb_d32_b3_depth3_100ep-final_bigcity_r30_fvdb_d32_100ep_metrics_pSw4ESSS,/var/tmp/atighedl_runs/final_all_inference/fvdb_out/OACNNsInterleaved_final_infer_bigcity_r30_dice_20260522-155714_synthetic_may19_r30_fvdb_d32_b3_depth3_100ep-final_bigcity_r30_fvdb_d32_100ep_timing_FnUtE94c,/var/tmp/atighedl_runs/final_all_inference/fvdb_out/OACNNsInterleaved_final_infer_bigcity_r30_dice_20260522-155647_synthetic_may19_r30_fvdb_d32_b3_depth3_100ep-final_bigcity_r30_fvdb_d32_100ep_metrics_pSw4ESSS/inference/0,/var/tmp/atighedl_runs/final_all_inference/logs/infer_bigcity_r30_fvdb_d32_100ep_metrics.log,/var/tmp/atighedl_runs/final_all_inference/logs/infer_bigcity_r30_fvdb_d32_100ep_timing.log
industrial,r30,32,fvdb,100,10,nan,nan,nan,nan,nan,nan,nan,nan,33.624924921693164,24.95233091613769,0.2451660946078066,24.95233091613769,8.348381191802522,709.56640625,0.01051964972793147,"/var/tmp/atighedl_runs/NEURALPVS_MAY19_SYNTHETIC_100EP/fvdb_out/OACNNsInterleaved_synthetic_may19_r30_1000_t3000_dice,no_guess_20260521-131647_synthetic_may19_r30_fvdb_d32_b3_depth3_100ep_MLxWZrVT",/var/tmp/atighedl_runs/final_all_inference/fvdb_out/OACNNsInterleaved_final_infer_industrial_r30_dice_20260522-155751_synthetic_may19_r30_fvdb_d32_b3_depth3_100ep-final_industrial_r30_fvdb_d32_100ep_metrics_Asg5gFri,/var/tmp/atighedl_runs/final_all_inference/fvdb_out/OACNNsInterleaved_final_infer_industrial_r30_dice_20260522-155937_synthetic_may19_r30_fvdb_d32_b3_depth3_100ep-final_industrial_r30_fvdb_d32_100ep_timing_SM6PjoIJ,/var/tmp/atighedl_runs/final_all_inference/fvdb_out/OACNNsInterleaved_final_infer_industrial_r30_dice_20260522-155751_synthetic_may19_r30_fvdb_d32_b3_depth3_100ep-final_industrial_r30_fvdb_d32_100ep_metrics_Asg5gFri/inference/0,/var/tmp/atighedl_runs/final_all_inference/logs/infer_industrial_r30_fvdb_d32_100ep_metrics.log,/var/tmp/atighedl_runs/final_all_inference/logs/infer_industrial_r30_fvdb_d32_100ep_timing.log
robotlab,r30,32,fvdb,100,10,nan,nan,nan,nan,nan,nan,nan,nan,37.825882972281114,25.23827446091115,0.24519505044112785,25.23827446091115,12.243246986451219,809.98876953125,0.018247169579646384,"/var/tmp/atighedl_runs/NEURALPVS_MAY19_SYNTHETIC_100EP/fvdb_out/OACNNsInterleaved_synthetic_may19_r30_1000_t3000_dice,no_guess_20260521-131647_synthetic_may19_r30_fvdb_d32_b3_depth3_100ep_MLxWZrVT",/var/tmp/atighedl_runs/final_all_inference/fvdb_out/OACNNsInterleaved_final_infer_robotlab_r30_dice_20260522-160054_synthetic_may19_r30_fvdb_d32_b3_depth3_100ep-final_robotlab_r30_fvdb_d32_100ep_metrics_2SHPe9vK,/var/tmp/atighedl_runs/final_all_inference/fvdb_out/OACNNsInterleaved_final_infer_robotlab_r30_dice_20260522-160139_synthetic_may19_r30_fvdb_d32_b3_depth3_100ep-final_robotlab_r30_fvdb_d32_100ep_timing_bPiZHJ61,/var/tmp/atighedl_runs/final_all_inference/fvdb_out/OACNNsInterleaved_final_infer_robotlab_r30_dice_20260522-160054_synthetic_may19_r30_fvdb_d32_b3_depth3_100ep-final_robotlab_r30_fvdb_d32_100ep_metrics_2SHPe9vK/inference/0,/var/tmp/atighedl_runs/final_all_inference/logs/infer_robotlab_r30_fvdb_d32_100ep_metrics.log,/var/tmp/atighedl_runs/final_all_inference/logs/infer_robotlab_r30_fvdb_d32_100ep_timing.log
sponza,r30,32,fvdb,100,10,nan,nan,nan,nan,nan,nan,nan,nan,44.960918716762016,26.708016324382115,0.24493523999228184,26.708016324382115,17.93346770781292,972.89501953125,0.042099212624424294,"/var/tmp/atighedl_runs/NEURALPVS_MAY19_SYNTHETIC_100EP/fvdb_out/OACNNsInterleaved_synthetic_may19_r30_1000_t3000_dice,no_guess_20260521-131647_synthetic_may19_r30_fvdb_d32_b3_depth3_100ep_MLxWZrVT",/var/tmp/atighedl_runs/final_all_inference/fvdb_out/OACNNsInterleaved_final_infer_sponza_r30_dice_20260522-160220_synthetic_may19_r30_fvdb_d32_b3_depth3_100ep-final_sponza_r30_fvdb_d32_100ep_metrics_ezQYvqX2,/var/tmp/atighedl_runs/final_all_inference/fvdb_out/OACNNsInterleaved_final_infer_sponza_r30_dice_20260522-160400_synthetic_may19_r30_fvdb_d32_b3_depth3_100ep-final_sponza_r30_fvdb_d32_100ep_timing_LJOFZcXb,/var/tmp/atighedl_runs/final_all_inference/fvdb_out/OACNNsInterleaved_final_infer_sponza_r30_dice_20260522-160220_synthetic_may19_r30_fvdb_d32_b3_depth3_100ep-final_sponza_r30_fvdb_d32_100ep_metrics_ezQYvqX2/inference/0,/var/tmp/atighedl_runs/final_all_inference/logs/infer_sponza_r30_fvdb_d32_100ep_metrics.log,/var/tmp/atighedl_runs/final_all_inference/logs/infer_sponza_r30_fvdb_d32_100ep_timing.log
viking,r30,32,fvdb,100,10,nan,nan,nan,nan,nan,nan,nan,nan,37.28678213449678,25.445151731943913,0.24308650700064993,25.445151731943913,11.52527346460953,806.4931640625,0.02631514113223349,"/var/tmp/atighedl_runs/NEURALPVS_MAY19_SYNTHETIC_100EP/fvdb_out/OACNNsInterleaved_synthetic_may19_r30_1000_t3000_dice,no_guess_20260521-131647_synthetic_may19_r30_fvdb_d32_b3_depth3_100ep_MLxWZrVT",/var/tmp/atighedl_runs/final_all_inference/fvdb_out/OACNNsInterleaved_final_infer_viking_r30_dice_20260522-160456_synthetic_may19_r30_fvdb_d32_b3_depth3_100ep-final_viking_r30_fvdb_d32_100ep_metrics_EF4Ugimi,/var/tmp/atighedl_runs/final_all_inference/fvdb_out/OACNNsInterleaved_final_infer_viking_r30_dice_20260522-160838_synthetic_may19_r30_fvdb_d32_b3_depth3_100ep-final_viking_r30_fvdb_d32_100ep_timing_2c1sI1BC,/var/tmp/atighedl_runs/final_all_inference/fvdb_out/OACNNsInterleaved_final_infer_viking_r30_dice_20260522-160456_synthetic_may19_r30_fvdb_d32_b3_depth3_100ep-final_viking_r30_fvdb_d32_100ep_metrics_EF4Ugimi/inference/0,/var/tmp/atighedl_runs/final_all_inference/logs/infer_viking_r30_fvdb_d32_100ep_metrics.log,/var/tmp/atighedl_runs/final_all_inference/logs/infer_viking_r30_fvdb_d32_100ep_timing.log
bigcity,r30,32,spconv,100,10,nan,nan,nan,nan,nan,nan,nan,nan,23.54508246778305,23.095518801243873,0.24418297362877284,nan,0.20538069291040306,666.9423828125,0.026570444254531075,"/var/tmp/atighedl_runs/NEURALPVS_MAY19_SYNTHETIC_100EP/spconv_out/OACNNsInterleaved_synthetic_may19_r30_1000_t3000_dice,no_guess_20260521-165718_synthetic_may19_r30_spconv_d32_b3_depth3_100ep_KGmtfP45",/var/tmp/atighedl_runs/final_all_inference/spconv_out/OACNNsInterleaved_final_infer_bigcity_r30_dice_20260522-161114_synthetic_may19_r30_spconv_d32_b3_depth3_100ep-final_bigcity_r30_spconv_d32_100ep_metrics_S6rxam33,/var/tmp/atighedl_runs/final_all_inference/spconv_out/OACNNsInterleaved_final_infer_bigcity_r30_dice_20260522-161218_synthetic_may19_r30_spconv_d32_b3_depth3_100ep-final_bigcity_r30_spconv_d32_100ep_timing_gJBqZ0Yr,/var/tmp/atighedl_runs/final_all_inference/spconv_out/OACNNsInterleaved_final_infer_bigcity_r30_dice_20260522-161114_synthetic_may19_r30_spconv_d32_b3_depth3_100ep-final_bigcity_r30_spconv_d32_100ep_metrics_S6rxam33/inference/0,/var/tmp/atighedl_runs/final_all_inference/logs/infer_bigcity_r30_spconv_d32_100ep_metrics.log,/var/tmp/atighedl_runs/final_all_inference/logs/infer_bigcity_r30_spconv_d32_100ep_timing.log
industrial,r30,32,spconv,100,10,nan,nan,nan,nan,nan,nan,nan,nan,22.95442441864999,22.504904456878965,0.24414501276000267,nan,0.20537494901102032,610.9326171875,0.01051964972793147,"/var/tmp/atighedl_runs/NEURALPVS_MAY19_SYNTHETIC_100EP/spconv_out/OACNNsInterleaved_synthetic_may19_r30_1000_t3000_dice,no_guess_20260521-165718_synthetic_may19_r30_spconv_d32_b3_depth3_100ep_KGmtfP45",/var/tmp/atighedl_runs/final_all_inference/spconv_out/OACNNsInterleaved_final_infer_industrial_r30_dice_20260522-161328_synthetic_may19_r30_spconv_d32_b3_depth3_100ep-final_industrial_r30_spconv_d32_100ep_metrics_FEVlbgtl,/var/tmp/atighedl_runs/final_all_inference/spconv_out/OACNNsInterleaved_final_infer_industrial_r30_dice_20260522-161542_synthetic_may19_r30_spconv_d32_b3_depth3_100ep-final_industrial_r30_spconv_d32_100ep_timing_88DEY7YI,/var/tmp/atighedl_runs/final_all_inference/spconv_out/OACNNsInterleaved_final_infer_industrial_r30_dice_20260522-161328_synthetic_may19_r30_spconv_d32_b3_depth3_100ep-final_industrial_r30_spconv_d32_100ep_metrics_FEVlbgtl/inference/0,/var/tmp/atighedl_runs/final_all_inference/logs/infer_industrial_r30_spconv_d32_100ep_metrics.log,/var/tmp/atighedl_runs/final_all_inference/logs/infer_industrial_r30_spconv_d32_100ep_timing.log
robotlab,r30,32,spconv,100,10,nan,nan,nan,nan,nan,nan,nan,nan,23.29289634592918,22.843330570559132,0.24416081632842265,nan,0.20540495904162526,671.943359375,0.018247169579646384,"/var/tmp/atighedl_runs/NEURALPVS_MAY19_SYNTHETIC_100EP/spconv_out/OACNNsInterleaved_synthetic_may19_r30_1000_t3000_dice,no_guess_20260521-165718_synthetic_may19_r30_spconv_d32_b3_depth3_100ep_KGmtfP45",/var/tmp/atighedl_runs/final_all_inference/spconv_out/OACNNsInterleaved_final_infer_robotlab_r30_dice_20260522-161730_synthetic_may19_r30_spconv_d32_b3_depth3_100ep-final_robotlab_r30_spconv_d32_100ep_metrics_xcxUUbiC,/var/tmp/atighedl_runs/final_all_inference/spconv_out/OACNNsInterleaved_final_infer_robotlab_r30_dice_20260522-161850_synthetic_may19_r30_spconv_d32_b3_depth3_100ep-final_robotlab_r30_spconv_d32_100ep_timing_ZKVvGg4S,/var/tmp/atighedl_runs/final_all_inference/spconv_out/OACNNsInterleaved_final_infer_robotlab_r30_dice_20260522-161730_synthetic_may19_r30_spconv_d32_b3_depth3_100ep-final_robotlab_r30_spconv_d32_100ep_metrics_xcxUUbiC/inference/0,/var/tmp/atighedl_runs/final_all_inference/logs/infer_robotlab_r30_spconv_d32_100ep_metrics.log,/var/tmp/atighedl_runs/final_all_inference/logs/infer_robotlab_r30_spconv_d32_100ep_timing.log
sponza,r30,32,spconv,100,10,nan,nan,nan,nan,nan,nan,nan,nan,23.803495579637516,23.350787880342605,0.24618775633141576,nan,0.20651994296349585,770.4609375,0.042099212624424294,"/var/tmp/atighedl_runs/NEURALPVS_MAY19_SYNTHETIC_100EP/spconv_out/OACNNsInterleaved_synthetic_may19_r30_1000_t3000_dice,no_guess_20260521-165718_synthetic_may19_r30_spconv_d32_b3_depth3_100ep_KGmtfP45",/var/tmp/atighedl_runs/final_all_inference/spconv_out/OACNNsInterleaved_final_infer_sponza_r30_dice_20260522-162003_synthetic_may19_r30_spconv_d32_b3_depth3_100ep-final_sponza_r30_spconv_d32_100ep_metrics_5BntV954,/var/tmp/atighedl_runs/final_all_inference/spconv_out/OACNNsInterleaved_final_infer_sponza_r30_dice_20260522-162209_synthetic_may19_r30_spconv_d32_b3_depth3_100ep-final_sponza_r30_spconv_d32_100ep_timing_Dv3irKwU,/var/tmp/atighedl_runs/final_all_inference/spconv_out/OACNNsInterleaved_final_infer_sponza_r30_dice_20260522-162003_synthetic_may19_r30_spconv_d32_b3_depth3_100ep-final_sponza_r30_spconv_d32_100ep_metrics_5BntV954/inference/0,/var/tmp/atighedl_runs/final_all_inference/logs/infer_sponza_r30_spconv_d32_100ep_metrics.log,/var/tmp/atighedl_runs/final_all_inference/logs/infer_sponza_r30_spconv_d32_100ep_timing.log
viking,r30,32,spconv,100,10,nan,nan,nan,nan,nan,nan,nan,nan,23.37459703661484,22.92464503055953,0.2457999576249027,nan,0.20415204843040557,668.94189453125,0.02631514113223349,"/var/tmp/atighedl_runs/NEURALPVS_MAY19_SYNTHETIC_100EP/spconv_out/OACNNsInterleaved_synthetic_may19_r30_1000_t3000_dice,no_guess_20260521-165718_synthetic_may19_r30_spconv_d32_b3_depth3_100ep_KGmtfP45",/var/tmp/atighedl_runs/final_all_inference/spconv_out/OACNNsInterleaved_final_infer_viking_r30_dice_20260522-162339_synthetic_may19_r30_spconv_d32_b3_depth3_100ep-final_viking_r30_spconv_d32_100ep_metrics_JXQUMXMD,/var/tmp/atighedl_runs/final_all_inference/spconv_out/OACNNsInterleaved_final_infer_viking_r30_dice_20260522-162733_synthetic_may19_r30_spconv_d32_b3_depth3_100ep-final_viking_r30_spconv_d32_100ep_timing_O8I5bKao,/var/tmp/atighedl_runs/final_all_inference/spconv_out/OACNNsInterleaved_final_infer_viking_r30_dice_20260522-162339_synthetic_may19_r30_spconv_d32_b3_depth3_100ep-final_viking_r30_spconv_d32_100ep_metrics_JXQUMXMD/inference/0,/var/tmp/atighedl_runs/final_all_inference/logs/infer_viking_r30_spconv_d32_100ep_metrics.log,/var/tmp/atighedl_runs/final_all_inference/logs/infer_viking_r30_spconv_d32_100ep_timing.log
bigcity,r60,8,fvdb,100,10,nan,nan,nan,nan,nan,nan,nan,nan,32.00837052100973,27.906647083323655,0.20935027531716816,27.906647083323655,3.782157529901742,367.9013671875,0.02660337578166615,"/var/tmp/atighedl_runs/NEURALPVS_MAY19_SYNTHETIC_100EP/fvdb_out/OACNNsInterleaved_synthetic_may19_r60_1000_t3000_dice,no_guess_20260522-033305_synthetic_may19_r60_fvdb_d8_b3_depth3_100ep_bUT7qiIY",/var/tmp/atighedl_runs/final_all_inference/fvdb_out/OACNNsInterleaved_final_infer_bigcity_r60_dice_20260522-162926_synthetic_may19_r60_fvdb_d8_b3_depth3_100ep-final_bigcity_r60_fvdb_d8_100ep_metrics_oJvAAyDq,/var/tmp/atighedl_runs/final_all_inference/fvdb_out/OACNNsInterleaved_final_infer_bigcity_r60_dice_20260522-162939_synthetic_may19_r60_fvdb_d8_b3_depth3_100ep-final_bigcity_r60_fvdb_d8_100ep_timing_hdLVnmNZ,/var/tmp/atighedl_runs/final_all_inference/fvdb_out/OACNNsInterleaved_final_infer_bigcity_r60_dice_20260522-162926_synthetic_may19_r60_fvdb_d8_b3_depth3_100ep-final_bigcity_r60_fvdb_d8_100ep_metrics_oJvAAyDq/inference/0,/var/tmp/atighedl_runs/final_all_inference/logs/infer_bigcity_r60_fvdb_d8_100ep_metrics.log,/var/tmp/atighedl_runs/final_all_inference/logs/infer_bigcity_r60_fvdb_d8_100ep_timing.log
industrial,r60,8,fvdb,100,10,nan,nan,nan,nan,nan,nan,nan,nan,30.00527301951016,27.636599415033356,0.20918136337907833,27.636599415033356,1.9733959342388865,306.576171875,0.01050811206422201,"/var/tmp/atighedl_runs/NEURALPVS_MAY19_SYNTHETIC_100EP/fvdb_out/OACNNsInterleaved_synthetic_may19_r60_1000_t3000_dice,no_guess_20260522-033305_synthetic_may19_r60_fvdb_d8_b3_depth3_100ep_bUT7qiIY",/var/tmp/atighedl_runs/final_all_inference/fvdb_out/OACNNsInterleaved_final_infer_industrial_r60_dice_20260522-163010_synthetic_may19_r60_fvdb_d8_b3_depth3_100ep-final_industrial_r60_fvdb_d8_100ep_metrics_zcv4xokC,/var/tmp/atighedl_runs/final_all_inference/fvdb_out/OACNNsInterleaved_final_infer_industrial_r60_dice_20260522-163048_synthetic_may19_r60_fvdb_d8_b3_depth3_100ep-final_industrial_r60_fvdb_d8_100ep_timing_ItfYHfJz,/var/tmp/atighedl_runs/final_all_inference/fvdb_out/OACNNsInterleaved_final_infer_industrial_r60_dice_20260522-163010_synthetic_may19_r60_fvdb_d8_b3_depth3_100ep-final_industrial_r60_fvdb_d8_100ep_metrics_zcv4xokC/inference/0,/var/tmp/atighedl_runs/final_all_inference/logs/infer_industrial_r60_fvdb_d8_100ep_metrics.log,/var/tmp/atighedl_runs/final_all_inference/logs/infer_industrial_r60_fvdb_d8_100ep_timing.log
robotlab,r60,8,fvdb,100,10,nan,nan,nan,nan,nan,nan,nan,nan,31.319033154431963,27.943048613177165,0.20905445758156324,27.943048613177165,2.9940848176027393,350.060546875,0.018293038462147568,"/var/tmp/atighedl_runs/NEURALPVS_MAY19_SYNTHETIC_100EP/fvdb_out/OACNNsInterleaved_synthetic_may19_r60_1000_t3000_dice,no_guess_20260522-033305_synthetic_may19_r60_fvdb_d8_b3_depth3_100ep_bUT7qiIY",/var/tmp/atighedl_runs/final_all_inference/fvdb_out/OACNNsInterleaved_final_infer_robotlab_r60_dice_20260522-163140_synthetic_may19_r60_fvdb_d8_b3_depth3_100ep-final_robotlab_r60_fvdb_d8_100ep_metrics_EvdNOtpv,/var/tmp/atighedl_runs/final_all_inference/fvdb_out/OACNNsInterleaved_final_infer_robotlab_r60_dice_20260522-163201_synthetic_may19_r60_fvdb_d8_b3_depth3_100ep-final_robotlab_r60_fvdb_d8_100ep_timing_WmaFYEcK,/var/tmp/atighedl_runs/final_all_inference/fvdb_out/OACNNsInterleaved_final_infer_robotlab_r60_dice_20260522-163140_synthetic_may19_r60_fvdb_d8_b3_depth3_100ep-final_robotlab_r60_fvdb_d8_100ep_metrics_EvdNOtpv/inference/0,/var/tmp/atighedl_runs/final_all_inference/logs/infer_robotlab_r60_fvdb_d8_100ep_metrics.log,/var/tmp/atighedl_runs/final_all_inference/logs/infer_robotlab_r60_fvdb_d8_100ep_timing.log
sponza,r60,8,fvdb,100,10,nan,nan,nan,nan,nan,nan,nan,nan,35.919901669590864,28.698161048814654,0.20951750563593424,28.698161048814654,6.984513835050166,449.5830078125,0.04179177463871159,"/var/tmp/atighedl_runs/NEURALPVS_MAY19_SYNTHETIC_100EP/fvdb_out/OACNNsInterleaved_synthetic_may19_r60_1000_t3000_dice,no_guess_20260522-033305_synthetic_may19_r60_fvdb_d8_b3_depth3_100ep_bUT7qiIY",/var/tmp/atighedl_runs/final_all_inference/fvdb_out/OACNNsInterleaved_final_infer_sponza_r60_dice_20260522-163233_synthetic_may19_r60_fvdb_d8_b3_depth3_100ep-final_sponza_r60_fvdb_d8_100ep_metrics_THHbfw2O,/var/tmp/atighedl_runs/final_all_inference/fvdb_out/OACNNsInterleaved_final_infer_sponza_r60_dice_20260522-163314_synthetic_may19_r60_fvdb_d8_b3_depth3_100ep-final_sponza_r60_fvdb_d8_100ep_timing_ZmvCXClo,/var/tmp/atighedl_runs/final_all_inference/fvdb_out/OACNNsInterleaved_final_infer_sponza_r60_dice_20260522-163233_synthetic_may19_r60_fvdb_d8_b3_depth3_100ep-final_sponza_r60_fvdb_d8_100ep_metrics_THHbfw2O/inference/0,/var/tmp/atighedl_runs/final_all_inference/logs/infer_sponza_r60_fvdb_d8_100ep_metrics.log,/var/tmp/atighedl_runs/final_all_inference/logs/infer_sponza_r60_fvdb_d8_100ep_timing.log
viking,r60,8,fvdb,100,10,nan,nan,nan,nan,nan,nan,nan,nan,31.334206461178834,27.958597265334813,0.20903328723701028,27.958597265334813,3.00880326501869,353.474609375,0.0262561848147459,"/var/tmp/atighedl_runs/NEURALPVS_MAY19_SYNTHETIC_100EP/fvdb_out/OACNNsInterleaved_synthetic_may19_r60_1000_t3000_dice,no_guess_20260522-033305_synthetic_may19_r60_fvdb_d8_b3_depth3_100ep_bUT7qiIY",/var/tmp/atighedl_runs/final_all_inference/fvdb_out/OACNNsInterleaved_final_infer_viking_r60_dice_20260522-163354_synthetic_may19_r60_fvdb_d8_b3_depth3_100ep-final_viking_r60_fvdb_d8_100ep_metrics_82nTbGZq,/var/tmp/atighedl_runs/final_all_inference/fvdb_out/OACNNsInterleaved_final_infer_viking_r60_dice_20260522-163520_synthetic_may19_r60_fvdb_d8_b3_depth3_100ep-final_viking_r60_fvdb_d8_100ep_timing_EAz9Ymax,/var/tmp/atighedl_runs/final_all_inference/fvdb_out/OACNNsInterleaved_final_infer_viking_r60_dice_20260522-163354_synthetic_may19_r60_fvdb_d8_b3_depth3_100ep-final_viking_r60_fvdb_d8_100ep_metrics_82nTbGZq/inference/0,/var/tmp/atighedl_runs/final_all_inference/logs/infer_viking_r60_fvdb_d8_100ep_metrics.log,/var/tmp/atighedl_runs/final_all_inference/logs/infer_viking_r60_fvdb_d8_100ep_timing.log
bigcity,r60,8,spconv,100,10,nan,nan,nan,nan,nan,nan,nan,nan,17.207644117317606,16.77866279823804,0.2158515634898019,nan,0.21312975558976174,314.61767578125,0.02660337578166615,"/var/tmp/atighedl_runs/NEURALPVS_MAY19_SYNTHETIC_100EP/spconv_out/OACNNsInterleaved_synthetic_may19_r60_1000_t3000_dice,no_guess_20260522-072138_synthetic_may19_r60_spconv_d8_b3_depth3_100ep_OeRxHbQg",/var/tmp/atighedl_runs/final_all_inference/spconv_out/OACNNsInterleaved_final_infer_bigcity_r60_dice_20260522-163710_synthetic_may19_r60_spconv_d8_b3_depth3_100ep-final_bigcity_r60_spconv_d8_100ep_metrics_sFJiDVqy,/var/tmp/atighedl_runs/final_all_inference/spconv_out/OACNNsInterleaved_final_infer_bigcity_r60_dice_20260522-163752_synthetic_may19_r60_spconv_d8_b3_depth3_100ep-final_bigcity_r60_spconv_d8_100ep_timing_y4woWoOZ,/var/tmp/atighedl_runs/final_all_inference/spconv_out/OACNNsInterleaved_final_infer_bigcity_r60_dice_20260522-163710_synthetic_may19_r60_spconv_d8_b3_depth3_100ep-final_bigcity_r60_spconv_d8_100ep_metrics_sFJiDVqy/inference/0,/var/tmp/atighedl_runs/final_all_inference/logs/infer_bigcity_r60_spconv_d8_100ep_metrics.log,/var/tmp/atighedl_runs/final_all_inference/logs/infer_bigcity_r60_spconv_d8_100ep_timing.log
industrial,r60,8,spconv,100,10,nan,nan,nan,nan,nan,nan,nan,nan,17.009033077890624,16.579848030256485,0.2160886033331432,nan,0.21309644430099675,280.45703125,0.01050811206422201,"/var/tmp/atighedl_runs/NEURALPVS_MAY19_SYNTHETIC_100EP/spconv_out/OACNNsInterleaved_synthetic_may19_r60_1000_t3000_dice,no_guess_20260522-072138_synthetic_may19_r60_spconv_d8_b3_depth3_100ep_OeRxHbQg",/var/tmp/atighedl_runs/final_all_inference/spconv_out/OACNNsInterleaved_final_infer_industrial_r60_dice_20260522-163851_synthetic_may19_r60_spconv_d8_b3_depth3_100ep-final_industrial_r60_spconv_d8_100ep_metrics_z3OKaN6G,/var/tmp/atighedl_runs/final_all_inference/spconv_out/OACNNsInterleaved_final_infer_industrial_r60_dice_20260522-164003_synthetic_may19_r60_spconv_d8_b3_depth3_100ep-final_industrial_r60_spconv_d8_100ep_timing_7uoS9jv3,/var/tmp/atighedl_runs/final_all_inference/spconv_out/OACNNsInterleaved_final_infer_industrial_r60_dice_20260522-163851_synthetic_may19_r60_spconv_d8_b3_depth3_100ep-final_industrial_r60_spconv_d8_100ep_metrics_z3OKaN6G/inference/0,/var/tmp/atighedl_runs/final_all_inference/logs/infer_industrial_r60_spconv_d8_100ep_metrics.log,/var/tmp/atighedl_runs/final_all_inference/logs/infer_industrial_r60_spconv_d8_100ep_timing.log
robotlab,r60,8,spconv,100,10,nan,nan,nan,nan,nan,nan,nan,nan,17.163577182967956,16.73436865501824,0.21603819578012917,nan,0.2131703321695871,306.28955078125,0.018293038462147568,"/var/tmp/atighedl_runs/NEURALPVS_MAY19_SYNTHETIC_100EP/spconv_out/OACNNsInterleaved_synthetic_may19_r60_1000_t3000_dice,no_guess_20260522-072138_synthetic_may19_r60_spconv_d8_b3_depth3_100ep_OeRxHbQg",/var/tmp/atighedl_runs/final_all_inference/spconv_out/OACNNsInterleaved_final_infer_robotlab_r60_dice_20260522-164126_synthetic_may19_r60_spconv_d8_b3_depth3_100ep-final_robotlab_r60_spconv_d8_100ep_metrics_LtaUh1Cj,/var/tmp/atighedl_runs/final_all_inference/spconv_out/OACNNsInterleaved_final_infer_robotlab_r60_dice_20260522-164215_synthetic_may19_r60_spconv_d8_b3_depth3_100ep-final_robotlab_r60_spconv_d8_100ep_timing_kQrnqo6O,/var/tmp/atighedl_runs/final_all_inference/spconv_out/OACNNsInterleaved_final_infer_robotlab_r60_dice_20260522-164126_synthetic_may19_r60_spconv_d8_b3_depth3_100ep-final_robotlab_r60_spconv_d8_100ep_metrics_LtaUh1Cj/inference/0,/var/tmp/atighedl_runs/final_all_inference/logs/infer_robotlab_r60_spconv_d8_100ep_metrics.log,/var/tmp/atighedl_runs/final_all_inference/logs/infer_robotlab_r60_spconv_d8_100ep_timing.log
sponza,r60,8,spconv,100,10,nan,nan,nan,nan,nan,nan,nan,nan,17.68409763257161,17.254694766486125,0.21577840444418447,nan,0.2136244616413023,366.58837890625,0.04179177463871159,"/var/tmp/atighedl_runs/NEURALPVS_MAY19_SYNTHETIC_100EP/spconv_out/OACNNsInterleaved_synthetic_may19_r60_1000_t3000_dice,no_guess_20260522-072138_synthetic_may19_r60_spconv_d8_b3_depth3_100ep_OeRxHbQg",/var/tmp/atighedl_runs/final_all_inference/spconv_out/OACNNsInterleaved_final_infer_sponza_r60_dice_20260522-164316_synthetic_may19_r60_spconv_d8_b3_depth3_100ep-final_sponza_r60_spconv_d8_100ep_metrics_L78ovqv2,/var/tmp/atighedl_runs/final_all_inference/spconv_out/OACNNsInterleaved_final_infer_sponza_r60_dice_20260522-164432_synthetic_may19_r60_spconv_d8_b3_depth3_100ep-final_sponza_r60_spconv_d8_100ep_timing_Zn37atDq,/var/tmp/atighedl_runs/final_all_inference/spconv_out/OACNNsInterleaved_final_infer_sponza_r60_dice_20260522-164316_synthetic_may19_r60_spconv_d8_b3_depth3_100ep-final_sponza_r60_spconv_d8_100ep_metrics_L78ovqv2/inference/0,/var/tmp/atighedl_runs/final_all_inference/logs/infer_sponza_r60_spconv_d8_100ep_metrics.log,/var/tmp/atighedl_runs/final_all_inference/logs/infer_sponza_r60_spconv_d8_100ep_timing.log
viking,r60,8,spconv,100,10,nan,nan,nan,nan,nan,nan,nan,nan,17.03115236045805,16.599344506977676,0.21722126219052978,nan,0.2145865912898444,306.7138671875,0.0262561848147459,"/var/tmp/atighedl_runs/NEURALPVS_MAY19_SYNTHETIC_100EP/spconv_out/OACNNsInterleaved_synthetic_may19_r60_1000_t3000_dice,no_guess_20260522-072138_synthetic_may19_r60_spconv_d8_b3_depth3_100ep_OeRxHbQg",/var/tmp/atighedl_runs/final_all_inference/spconv_out/OACNNsInterleaved_final_infer_viking_r60_dice_20260522-164546_synthetic_may19_r60_spconv_d8_b3_depth3_100ep-final_viking_r60_spconv_d8_100ep_metrics_QZExI6is,/var/tmp/atighedl_runs/final_all_inference/spconv_out/OACNNsInterleaved_final_infer_viking_r60_dice_20260522-164745_synthetic_may19_r60_spconv_d8_b3_depth3_100ep-final_viking_r60_spconv_d8_100ep_timing_Mhh7kh21,/var/tmp/atighedl_runs/final_all_inference/spconv_out/OACNNsInterleaved_final_infer_viking_r60_dice_20260522-164546_synthetic_may19_r60_spconv_d8_b3_depth3_100ep-final_viking_r60_spconv_d8_100ep_metrics_QZExI6is/inference/0,/var/tmp/atighedl_runs/final_all_inference/logs/infer_viking_r60_spconv_d8_100ep_metrics.log,/var/tmp/atighedl_runs/final_all_inference/logs/infer_viking_r60_spconv_d8_100ep_timing.log
bigcity,r60,16,fvdb,100,10,nan,nan,nan,nan,nan,nan,nan,nan,34.65497682015572,27.612923573482536,0.20160482946783304,27.612923573482536,6.746164266485719,464.76123046875,0.02660337578166615,"/var/tmp/atighedl_runs/NEURALPVS_MAY19_SYNTHETIC_100EP/fvdb_out/OACNNsInterleaved_synthetic_may19_r60_1000_t3000_dice,no_guess_20260521-203109_synthetic_may19_r60_fvdb_d16_b3_depth3_100ep_w4vzws4p",/var/tmp/atighedl_runs/final_all_inference/fvdb_out/OACNNsInterleaved_final_infer_bigcity_r60_dice_20260522-164857_synthetic_may19_r60_fvdb_d16_b3_depth3_100ep-final_bigcity_r60_fvdb_d16_100ep_metrics_zq6hawPv,/var/tmp/atighedl_runs/final_all_inference/fvdb_out/OACNNsInterleaved_final_infer_bigcity_r60_dice_20260522-164912_synthetic_may19_r60_fvdb_d16_b3_depth3_100ep-final_bigcity_r60_fvdb_d16_100ep_timing_fLL1afSE,/var/tmp/atighedl_runs/final_all_inference/fvdb_out/OACNNsInterleaved_final_infer_bigcity_r60_dice_20260522-164857_synthetic_may19_r60_fvdb_d16_b3_depth3_100ep-final_bigcity_r60_fvdb_d16_100ep_metrics_zq6hawPv/inference/0,/var/tmp/atighedl_runs/final_all_inference/logs/infer_bigcity_r60_fvdb_d16_100ep_metrics.log,/var/tmp/atighedl_runs/final_all_inference/logs/infer_bigcity_r60_fvdb_d16_100ep_timing.log
industrial,r60,16,fvdb,100,10,nan,nan,nan,nan,nan,nan,nan,nan,31.203504779046366,27.08207836903229,0.2016269597457722,27.08207836903229,3.784259766361263,391.046875,0.01050811206422201,"/var/tmp/atighedl_runs/NEURALPVS_MAY19_SYNTHETIC_100EP/fvdb_out/OACNNsInterleaved_synthetic_may19_r60_1000_t3000_dice,no_guess_20260521-203109_synthetic_may19_r60_fvdb_d16_b3_depth3_100ep_w4vzws4p",/var/tmp/atighedl_runs/final_all_inference/fvdb_out/OACNNsInterleaved_final_infer_industrial_r60_dice_20260522-164943_synthetic_may19_r60_fvdb_d16_b3_depth3_100ep-final_industrial_r60_fvdb_d16_100ep_metrics_bmdGp7f5,/var/tmp/atighedl_runs/final_all_inference/fvdb_out/OACNNsInterleaved_final_infer_industrial_r60_dice_20260522-165025_synthetic_may19_r60_fvdb_d16_b3_depth3_100ep-final_industrial_r60_fvdb_d16_100ep_timing_5Uf4nBAT,/var/tmp/atighedl_runs/final_all_inference/fvdb_out/OACNNsInterleaved_final_infer_industrial_r60_dice_20260522-164943_synthetic_may19_r60_fvdb_d16_b3_depth3_100ep-final_industrial_r60_fvdb_d16_100ep_metrics_bmdGp7f5/inference/0,/var/tmp/atighedl_runs/final_all_inference/logs/infer_industrial_r60_fvdb_d16_100ep_metrics.log,/var/tmp/atighedl_runs/final_all_inference/logs/infer_industrial_r60_fvdb_d16_100ep_timing.log
robotlab,r60,16,fvdb,100,10,nan,nan,nan,nan,nan,nan,nan,nan,34.72293964781178,27.73162284518659,0.20167175627313552,27.73162284518659,6.630819255951791,461.1044921875,0.018293038462147568,"/var/tmp/atighedl_runs/NEURALPVS_MAY19_SYNTHETIC_100EP/fvdb_out/OACNNsInterleaved_synthetic_may19_r60_1000_t3000_dice,no_guess_20260521-203109_synthetic_may19_r60_fvdb_d16_b3_depth3_100ep_w4vzws4p",/var/tmp/atighedl_runs/final_all_inference/fvdb_out/OACNNsInterleaved_final_infer_robotlab_r60_dice_20260522-165116_synthetic_may19_r60_fvdb_d16_b3_depth3_100ep-final_robotlab_r60_fvdb_d16_100ep_metrics_Qx1BDSmt,/var/tmp/atighedl_runs/final_all_inference/fvdb_out/OACNNsInterleaved_final_infer_robotlab_r60_dice_20260522-165137_synthetic_may19_r60_fvdb_d16_b3_depth3_100ep-final_robotlab_r60_fvdb_d16_100ep_timing_zhDQ1ezT,/var/tmp/atighedl_runs/final_all_inference/fvdb_out/OACNNsInterleaved_final_infer_robotlab_r60_dice_20260522-165116_synthetic_may19_r60_fvdb_d16_b3_depth3_100ep-final_robotlab_r60_fvdb_d16_100ep_metrics_Qx1BDSmt/inference/0,/var/tmp/atighedl_runs/final_all_inference/logs/infer_robotlab_r60_fvdb_d16_100ep_metrics.log,/var/tmp/atighedl_runs/final_all_inference/logs/infer_robotlab_r60_fvdb_d16_100ep_timing.log
sponza,r60,16,fvdb,100,10,nan,nan,nan,nan,nan,nan,nan,nan,40.15807684697211,28.231465657963682,0.20302577961701895,28.231465657963682,11.495642675171522,602.6494140625,0.04179177463871159,"/var/tmp/atighedl_runs/NEURALPVS_MAY19_SYNTHETIC_100EP/fvdb_out/OACNNsInterleaved_synthetic_may19_r60_1000_t3000_dice,no_guess_20260521-203109_synthetic_may19_r60_fvdb_d16_b3_depth3_100ep_w4vzws4p",/var/tmp/atighedl_runs/final_all_inference/fvdb_out/OACNNsInterleaved_final_infer_sponza_r60_dice_20260522-165209_synthetic_may19_r60_fvdb_d16_b3_depth3_100ep-final_sponza_r60_fvdb_d16_100ep_metrics_4G7GKEBu,/var/tmp/atighedl_runs/final_all_inference/fvdb_out/OACNNsInterleaved_final_infer_sponza_r60_dice_20260522-165254_synthetic_may19_r60_fvdb_d16_b3_depth3_100ep-final_sponza_r60_fvdb_d16_100ep_timing_1iwVQStC,/var/tmp/atighedl_runs/final_all_inference/fvdb_out/OACNNsInterleaved_final_infer_sponza_r60_dice_20260522-165209_synthetic_may19_r60_fvdb_d16_b3_depth3_100ep-final_sponza_r60_fvdb_d16_100ep_metrics_4G7GKEBu/inference/0,/var/tmp/atighedl_runs/final_all_inference/logs/infer_sponza_r60_fvdb_d16_100ep_metrics.log,/var/tmp/atighedl_runs/final_all_inference/logs/infer_sponza_r60_fvdb_d16_100ep_timing.log
viking,r60,16,fvdb,100,10,nan,nan,nan,nan,nan,nan,nan,nan,34.77733253223252,27.746827632332867,0.2027230440825224,27.746827632332867,6.689352196641267,462.2333984375,0.0262561848147459,"/var/tmp/atighedl_runs/NEURALPVS_MAY19_SYNTHETIC_100EP/fvdb_out/OACNNsInterleaved_synthetic_may19_r60_1000_t3000_dice,no_guess_20260521-203109_synthetic_may19_r60_fvdb_d16_b3_depth3_100ep_w4vzws4p",/var/tmp/atighedl_runs/final_all_inference/fvdb_out/OACNNsInterleaved_final_infer_viking_r60_dice_20260522-165335_synthetic_may19_r60_fvdb_d16_b3_depth3_100ep-final_viking_r60_fvdb_d16_100ep_metrics_JVLWHCr7,/var/tmp/atighedl_runs/final_all_inference/fvdb_out/OACNNsInterleaved_final_infer_viking_r60_dice_20260522-165508_synthetic_may19_r60_fvdb_d16_b3_depth3_100ep-final_viking_r60_fvdb_d16_100ep_timing_UfvlC5Z1,/var/tmp/atighedl_runs/final_all_inference/fvdb_out/OACNNsInterleaved_final_infer_viking_r60_dice_20260522-165335_synthetic_may19_r60_fvdb_d16_b3_depth3_100ep-final_viking_r60_fvdb_d16_100ep_metrics_JVLWHCr7/inference/0,/var/tmp/atighedl_runs/final_all_inference/logs/infer_viking_r60_fvdb_d16_100ep_metrics.log,/var/tmp/atighedl_runs/final_all_inference/logs/infer_viking_r60_fvdb_d16_100ep_timing.log
bigcity,r60,16,spconv,100,10,nan,nan,nan,nan,nan,nan,nan,nan,17.700423404258466,17.28332328691957,0.20262018088717013,nan,0.21447993645172875,384.81982421875,0.02660337578166615,"/var/tmp/atighedl_runs/NEURALPVS_MAY19_SYNTHETIC_100EP/spconv_out/OACNNsInterleaved_synthetic_may19_r60_1000_t3000_dice,no_guess_20260522-000458_synthetic_may19_r60_spconv_d16_b3_depth3_100ep_rafyascd",/var/tmp/atighedl_runs/final_all_inference/spconv_out/OACNNsInterleaved_final_infer_bigcity_r60_dice_20260522-165658_synthetic_may19_r60_spconv_d16_b3_depth3_100ep-final_bigcity_r60_spconv_d16_100ep_metrics_a6EQnGMu,/var/tmp/atighedl_runs/final_all_inference/spconv_out/OACNNsInterleaved_final_infer_bigcity_r60_dice_20260522-165740_synthetic_may19_r60_spconv_d16_b3_depth3_100ep-final_bigcity_r60_spconv_d16_100ep_timing_SdfxoX2S,/var/tmp/atighedl_runs/final_all_inference/spconv_out/OACNNsInterleaved_final_infer_bigcity_r60_dice_20260522-165658_synthetic_may19_r60_spconv_d16_b3_depth3_100ep-final_bigcity_r60_spconv_d16_100ep_metrics_a6EQnGMu/inference/0,/var/tmp/atighedl_runs/final_all_inference/logs/infer_bigcity_r60_spconv_d16_100ep_metrics.log,/var/tmp/atighedl_runs/final_all_inference/logs/infer_bigcity_r60_spconv_d16_100ep_timing.log
industrial,r60,16,spconv,100,10,nan,nan,nan,nan,nan,nan,nan,nan,17.13485851021139,16.717230985598338,0.20306713507976384,nan,0.21456038953328974,339.16650390625,0.01050811206422201,"/var/tmp/atighedl_runs/NEURALPVS_MAY19_SYNTHETIC_100EP/spconv_out/OACNNsInterleaved_synthetic_may19_r60_1000_t3000_dice,no_guess_20260522-000458_synthetic_may19_r60_spconv_d16_b3_depth3_100ep_rafyascd",/var/tmp/atighedl_runs/final_all_inference/spconv_out/OACNNsInterleaved_final_infer_industrial_r60_dice_20260522-165840_synthetic_may19_r60_spconv_d16_b3_depth3_100ep-final_industrial_r60_spconv_d16_100ep_metrics_KcLGFQvn,/var/tmp/atighedl_runs/final_all_inference/spconv_out/OACNNsInterleaved_final_infer_industrial_r60_dice_20260522-165955_synthetic_may19_r60_spconv_d16_b3_depth3_100ep-final_industrial_r60_spconv_d16_100ep_timing_URhS1fOm,/var/tmp/atighedl_runs/final_all_inference/spconv_out/OACNNsInterleaved_final_infer_industrial_r60_dice_20260522-165840_synthetic_may19_r60_spconv_d16_b3_depth3_100ep-final_industrial_r60_spconv_d16_100ep_metrics_KcLGFQvn/inference/0,/var/tmp/atighedl_runs/final_all_inference/logs/infer_industrial_r60_spconv_d16_100ep_metrics.log,/var/tmp/atighedl_runs/final_all_inference/logs/infer_industrial_r60_spconv_d16_100ep_timing.log
robotlab,r60,16,spconv,100,10,nan,nan,nan,nan,nan,nan,nan,nan,17.729921920912822,17.31230416448222,0.20290204210672527,nan,0.2147157143238777,382.42626953125,0.018293038462147568,"/var/tmp/atighedl_runs/NEURALPVS_MAY19_SYNTHETIC_100EP/spconv_out/OACNNsInterleaved_synthetic_may19_r60_1000_t3000_dice,no_guess_20260522-000458_synthetic_may19_r60_spconv_d16_b3_depth3_100ep_rafyascd",/var/tmp/atighedl_runs/final_all_inference/spconv_out/OACNNsInterleaved_final_infer_robotlab_r60_dice_20260522-170124_synthetic_may19_r60_spconv_d16_b3_depth3_100ep-final_robotlab_r60_spconv_d16_100ep_metrics_jUCdvSDj,/var/tmp/atighedl_runs/final_all_inference/spconv_out/OACNNsInterleaved_final_infer_robotlab_r60_dice_20260522-170224_synthetic_may19_r60_spconv_d16_b3_depth3_100ep-final_robotlab_r60_spconv_d16_100ep_timing_CWX41tEs,/var/tmp/atighedl_runs/final_all_inference/spconv_out/OACNNsInterleaved_final_infer_robotlab_r60_dice_20260522-170124_synthetic_may19_r60_spconv_d16_b3_depth3_100ep-final_robotlab_r60_spconv_d16_100ep_metrics_jUCdvSDj/inference/0,/var/tmp/atighedl_runs/final_all_inference/logs/infer_robotlab_r60_spconv_d16_100ep_metrics.log,/var/tmp/atighedl_runs/final_all_inference/logs/infer_robotlab_r60_spconv_d16_100ep_timing.log
sponza,r60,16,spconv,100,10,nan,nan,nan,nan,nan,nan,nan,nan,18.721088294874626,18.306495857135722,0.2014603549195453,nan,0.2131320828193566,467.12548828125,0.04179177463871159,"/var/tmp/atighedl_runs/NEURALPVS_MAY19_SYNTHETIC_100EP/spconv_out/OACNNsInterleaved_synthetic_may19_r60_1000_t3000_dice,no_guess_20260522-000458_synthetic_may19_r60_spconv_d16_b3_depth3_100ep_rafyascd",/var/tmp/atighedl_runs/final_all_inference/spconv_out/OACNNsInterleaved_final_infer_sponza_r60_dice_20260522-170328_synthetic_may19_r60_spconv_d16_b3_depth3_100ep-final_sponza_r60_spconv_d16_100ep_metrics_OCMuD4e6,/var/tmp/atighedl_runs/final_all_inference/spconv_out/OACNNsInterleaved_final_infer_sponza_r60_dice_20260522-170443_synthetic_may19_r60_spconv_d16_b3_depth3_100ep-final_sponza_r60_spconv_d16_100ep_timing_KO8dMD8A,/var/tmp/atighedl_runs/final_all_inference/spconv_out/OACNNsInterleaved_final_infer_sponza_r60_dice_20260522-170328_synthetic_may19_r60_spconv_d16_b3_depth3_100ep-final_sponza_r60_spconv_d16_100ep_metrics_OCMuD4e6/inference/0,/var/tmp/atighedl_runs/final_all_inference/logs/infer_sponza_r60_spconv_d16_100ep_metrics.log,/var/tmp/atighedl_runs/final_all_inference/logs/infer_sponza_r60_spconv_d16_100ep_timing.log
viking,r60,16,spconv,100,10,nan,nan,nan,nan,nan,nan,nan,nan,17.752469568893126,17.33782509522715,0.20145283204037698,nan,0.21319164162559903,382.98779296875,0.0262561848147459,"/var/tmp/atighedl_runs/NEURALPVS_MAY19_SYNTHETIC_100EP/spconv_out/OACNNsInterleaved_synthetic_may19_r60_1000_t3000_dice,no_guess_20260522-000458_synthetic_may19_r60_spconv_d16_b3_depth3_100ep_rafyascd",/var/tmp/atighedl_runs/final_all_inference/spconv_out/OACNNsInterleaved_final_infer_viking_r60_dice_20260522-170557_synthetic_may19_r60_spconv_d16_b3_depth3_100ep-final_viking_r60_spconv_d16_100ep_metrics_P6BvLknc,/var/tmp/atighedl_runs/final_all_inference/spconv_out/OACNNsInterleaved_final_infer_viking_r60_dice_20260522-170802_synthetic_may19_r60_spconv_d16_b3_depth3_100ep-final_viking_r60_spconv_d16_100ep_timing_0jtkTg0L,/var/tmp/atighedl_runs/final_all_inference/spconv_out/OACNNsInterleaved_final_infer_viking_r60_dice_20260522-170557_synthetic_may19_r60_spconv_d16_b3_depth3_100ep-final_viking_r60_spconv_d16_100ep_metrics_P6BvLknc/inference/0,/var/tmp/atighedl_runs/final_all_inference/logs/infer_viking_r60_spconv_d16_100ep_metrics.log,/var/tmp/atighedl_runs/final_all_inference/logs/infer_viking_r60_spconv_d16_100ep_timing.log
bigcity,r60,32,fvdb,100,10,nan,nan,nan,nan,nan,nan,nan,nan,38.005292043442644,25.354101160903358,0.24556818948171677,25.354101160903358,12.302613453428464,811.642578125,0.02660337578166615,"/var/tmp/atighedl_runs/NEURALPVS_MAY19_SYNTHETIC_100EP/fvdb_out/OACNNsInterleaved_synthetic_may19_r60_1000_t3000_dice,no_guess_20260522-105126_synthetic_may19_r60_fvdb_d32_b3_depth3_100ep_EJOre3QD",/var/tmp/atighedl_runs/final_all_inference/fvdb_out/OACNNsInterleaved_final_infer_bigcity_r60_dice_20260522-170913_synthetic_may19_r60_fvdb_d32_b3_depth3_100ep-final_bigcity_r60_fvdb_d32_100ep_metrics_uu2ARGVr,/var/tmp/atighedl_runs/final_all_inference/fvdb_out/OACNNsInterleaved_final_infer_bigcity_r60_dice_20260522-170931_synthetic_may19_r60_fvdb_d32_b3_depth3_100ep-final_bigcity_r60_fvdb_d32_100ep_timing_MKWip3bB,/var/tmp/atighedl_runs/final_all_inference/fvdb_out/OACNNsInterleaved_final_infer_bigcity_r60_dice_20260522-170913_synthetic_may19_r60_fvdb_d32_b3_depth3_100ep-final_bigcity_r60_fvdb_d32_100ep_metrics_uu2ARGVr/inference/0,/var/tmp/atighedl_runs/final_all_inference/logs/infer_bigcity_r60_fvdb_d32_100ep_metrics.log,/var/tmp/atighedl_runs/final_all_inference/logs/infer_bigcity_r60_fvdb_d32_100ep_timing.log
industrial,r60,32,fvdb,100,10,nan,nan,nan,nan,nan,nan,nan,nan,33.65748671458522,24.944984063330057,0.24509153105429424,24.944984063330057,8.349512129401166,709.56640625,0.01050811206422201,"/var/tmp/atighedl_runs/NEURALPVS_MAY19_SYNTHETIC_100EP/fvdb_out/OACNNsInterleaved_synthetic_may19_r60_1000_t3000_dice,no_guess_20260522-105126_synthetic_may19_r60_fvdb_d32_b3_depth3_100ep_EJOre3QD",/var/tmp/atighedl_runs/final_all_inference/fvdb_out/OACNNsInterleaved_final_infer_industrial_r60_dice_20260522-171002_synthetic_may19_r60_fvdb_d32_b3_depth3_100ep-final_industrial_r60_fvdb_d32_100ep_metrics_ZESQ5mS7,/var/tmp/atighedl_runs/final_all_inference/fvdb_out/OACNNsInterleaved_final_infer_industrial_r60_dice_20260522-171101_synthetic_may19_r60_fvdb_d32_b3_depth3_100ep-final_industrial_r60_fvdb_d32_100ep_timing_Qc1q38DP,/var/tmp/atighedl_runs/final_all_inference/fvdb_out/OACNNsInterleaved_final_infer_industrial_r60_dice_20260522-171002_synthetic_may19_r60_fvdb_d32_b3_depth3_100ep-final_industrial_r60_fvdb_d32_100ep_metrics_ZESQ5mS7/inference/0,/var/tmp/atighedl_runs/final_all_inference/logs/infer_industrial_r60_fvdb_d32_100ep_metrics.log,/var/tmp/atighedl_runs/final_all_inference/logs/infer_industrial_r60_fvdb_d32_100ep_timing.log
robotlab,r60,32,fvdb,100,10,nan,nan,nan,nan,nan,nan,nan,nan,37.97683444678445,25.267714371133334,0.2452108137464772,25.267714371133334,12.420494655976299,818.8798828125,0.018293038462147568,"/var/tmp/atighedl_runs/NEURALPVS_MAY19_SYNTHETIC_100EP/fvdb_out/OACNNsInterleaved_synthetic_may19_r60_1000_t3000_dice,no_guess_20260522-105126_synthetic_may19_r60_fvdb_d32_b3_depth3_100ep_EJOre3QD",/var/tmp/atighedl_runs/final_all_inference/fvdb_out/OACNNsInterleaved_final_infer_robotlab_r60_dice_20260522-171153_synthetic_may19_r60_fvdb_d32_b3_depth3_100ep-final_robotlab_r60_fvdb_d32_100ep_metrics_BddIlTpm,/var/tmp/atighedl_runs/final_all_inference/fvdb_out/OACNNsInterleaved_final_infer_robotlab_r60_dice_20260522-171219_synthetic_may19_r60_fvdb_d32_b3_depth3_100ep-final_robotlab_r60_fvdb_d32_100ep_timing_tPvBgmAs,/var/tmp/atighedl_runs/final_all_inference/fvdb_out/OACNNsInterleaved_final_infer_robotlab_r60_dice_20260522-171153_synthetic_may19_r60_fvdb_d32_b3_depth3_100ep-final_robotlab_r60_fvdb_d32_100ep_metrics_BddIlTpm/inference/0,/var/tmp/atighedl_runs/final_all_inference/logs/infer_robotlab_r60_fvdb_d32_100ep_metrics.log,/var/tmp/atighedl_runs/final_all_inference/logs/infer_robotlab_r60_fvdb_d32_100ep_timing.log
sponza,r60,32,fvdb,100,10,nan,nan,nan,nan,nan,nan,nan,nan,44.733519447618164,26.59722483850659,0.24188529472753761,26.59722483850659,17.85347303255172,967.24560546875,0.04179177463871159,"/var/tmp/atighedl_runs/NEURALPVS_MAY19_SYNTHETIC_100EP/fvdb_out/OACNNsInterleaved_synthetic_may19_r60_1000_t3000_dice,no_guess_20260522-105126_synthetic_may19_r60_fvdb_d32_b3_depth3_100ep_EJOre3QD",/var/tmp/atighedl_runs/final_all_inference/fvdb_out/OACNNsInterleaved_final_infer_sponza_r60_dice_20260522-171252_synthetic_may19_r60_fvdb_d32_b3_depth3_100ep-final_sponza_r60_fvdb_d32_100ep_metrics_1POdDLJv,/var/tmp/atighedl_runs/final_all_inference/fvdb_out/OACNNsInterleaved_final_infer_sponza_r60_dice_20260522-171346_synthetic_may19_r60_fvdb_d32_b3_depth3_100ep-final_sponza_r60_fvdb_d32_100ep_timing_L3oOHHH4,/var/tmp/atighedl_runs/final_all_inference/fvdb_out/OACNNsInterleaved_final_infer_sponza_r60_dice_20260522-171252_synthetic_may19_r60_fvdb_d32_b3_depth3_100ep-final_sponza_r60_fvdb_d32_100ep_metrics_1POdDLJv/inference/0,/var/tmp/atighedl_runs/final_all_inference/logs/infer_sponza_r60_fvdb_d32_100ep_metrics.log,/var/tmp/atighedl_runs/final_all_inference/logs/infer_sponza_r60_fvdb_d32_100ep_timing.log
viking,r60,32,fvdb,100,10,nan,nan,nan,nan,nan,nan,nan,nan,37.16341223205543,25.357391111990154,0.24256114760923778,25.357391111990154,11.524256045760755,804.66845703125,0.0262561848147459,"/var/tmp/atighedl_runs/NEURALPVS_MAY19_SYNTHETIC_100EP/fvdb_out/OACNNsInterleaved_synthetic_may19_r60_1000_t3000_dice,no_guess_20260522-105126_synthetic_may19_r60_fvdb_d32_b3_depth3_100ep_EJOre3QD",/var/tmp/atighedl_runs/final_all_inference/fvdb_out/OACNNsInterleaved_final_infer_viking_r60_dice_20260522-171427_synthetic_may19_r60_fvdb_d32_b3_depth3_100ep-final_viking_r60_fvdb_d32_100ep_metrics_wouHvz50,/var/tmp/atighedl_runs/final_all_inference/fvdb_out/OACNNsInterleaved_final_infer_viking_r60_dice_20260522-171624_synthetic_may19_r60_fvdb_d32_b3_depth3_100ep-final_viking_r60_fvdb_d32_100ep_timing_UWkFVhYQ,/var/tmp/atighedl_runs/final_all_inference/fvdb_out/OACNNsInterleaved_final_infer_viking_r60_dice_20260522-171427_synthetic_may19_r60_fvdb_d32_b3_depth3_100ep-final_viking_r60_fvdb_d32_100ep_metrics_wouHvz50/inference/0,/var/tmp/atighedl_runs/final_all_inference/logs/infer_viking_r60_fvdb_d32_100ep_metrics.log,/var/tmp/atighedl_runs/final_all_inference/logs/infer_viking_r60_fvdb_d32_100ep_timing.log
