scene,radius,d,backend,frames,dice,fp_rate,fn_rate,fp_ratio,gv_ratio,infer_ms,pure_ms,peak_mb,predicted_pvv_folder
bigcity,r30,8,fvdb,97,0.990804,0.008405,0.014316,0.314520,0.487877,32.039,27.913,369.3,/var/tmp/atighedl_runs/final_all_inference_complete_100ep/fvdb_out/OACNNsInterleaved_final_infer_bigcity_r30_dice_20260523-221824_synthetic_may19_r30_fvdb_d8_b3_depth3_100ep-final_bigcity_r30_fvdb_d8_100ep_metrics_Fd4ClCIU/inference/0
bigcity,r30,8,spconv,97,0.992089,0.005842,0.013453,0.218483,0.392013,17.265,16.835,316.6,/var/tmp/atighedl_runs/final_all_inference_complete_100ep/spconv_out/OACNNsInterleaved_final_infer_bigcity_r30_dice_20260523-223135_synthetic_may19_r30_spconv_d8_b3_depth3_100ep-final_bigcity_r30_spconv_d8_100ep_metrics_K8SdPOvI/inference/0
bigcity,r30,16,fvdb,97,0.986399,0.010959,0.012809,0.410603,0.584237,34.478,27.460,467.3,/var/tmp/atighedl_runs/final_all_inference_complete_100ep/fvdb_out/OACNNsInterleaved_final_infer_bigcity_r30_dice_20260523-224920_synthetic_may19_r30_fvdb_d16_b3_depth3_100ep-final_bigcity_r30_fvdb_d16_100ep_metrics_JBPqxAvH/inference/0
bigcity,r30,16,spconv,97,0.986264,0.008234,0.015819,0.308103,0.481192,17.730,17.315,386.4,/var/tmp/atighedl_runs/final_all_inference_complete_100ep/spconv_out/OACNNsInterleaved_final_infer_bigcity_r30_dice_20260523-230231_synthetic_may19_r30_spconv_d16_b3_depth3_100ep-final_bigcity_r30_spconv_d16_100ep_metrics_BsFkl5LJ/inference/0
bigcity,r30,32,fvdb,97,0.975252,0.007884,0.032209,0.295372,0.465516,37.223,25.431,804.7,/var/tmp/atighedl_runs/final_all_inference_complete_100ep/fvdb_out/OACNNsInterleaved_final_infer_bigcity_r30_dice_20260523-232041_synthetic_may19_r30_fvdb_d32_b3_depth3_100ep-final_bigcity_r30_fvdb_d32_100ep_metrics_rHZJzcG8/inference/0
bigcity,r30,32,spconv,97,0.972823,0.006697,0.040507,0.250755,0.419445,23.551,23.099,666.9,/var/tmp/atighedl_runs/final_all_inference_complete_100ep/spconv_out/OACNNsInterleaved_final_infer_bigcity_r30_dice_20260523-233528_synthetic_may19_r30_spconv_d32_b3_depth3_100ep-final_bigcity_r30_spconv_d32_100ep_metrics_Tl8IndQm/inference/0
bigcity,r60,8,fvdb,55,0.977586,0.007140,0.044400,0.266492,0.467802,32.241,28.233,367.9,/var/tmp/atighedl_runs/final_all_inference_complete_100ep/fvdb_out/OACNNsInterleaved_final_infer_bigcity_r60_dice_20260523-235601_synthetic_may19_r60_fvdb_d8_b3_depth3_100ep-final_bigcity_r60_fvdb_d8_100ep_metrics_rujokNiN/inference/0
bigcity,r60,8,spconv,55,0.982725,0.007195,0.033360,0.268488,0.472156,17.244,16.813,314.6,/var/tmp/atighedl_runs/final_all_inference_complete_100ep/spconv_out/OACNNsInterleaved_final_infer_bigcity_r60_dice_20260524-000420_synthetic_may19_r60_spconv_d8_b3_depth3_100ep-final_bigcity_r60_spconv_d8_100ep_metrics_cyvVF98T/inference/0
bigcity,r60,16,fvdb,55,0.971139,0.008061,0.053288,0.300811,0.500171,34.423,27.410,464.8,/var/tmp/atighedl_runs/final_all_inference_complete_100ep/fvdb_out/OACNNsInterleaved_final_infer_bigcity_r60_dice_20260524-001916_synthetic_may19_r60_fvdb_d16_b3_depth3_100ep-final_bigcity_r60_fvdb_d16_100ep_metrics_R2xxWc6M/inference/0
bigcity,r60,16,spconv,55,0.971240,0.007374,0.053701,0.275574,0.474860,17.673,17.258,384.8,/var/tmp/atighedl_runs/final_all_inference_complete_100ep/spconv_out/OACNNsInterleaved_final_infer_bigcity_r60_dice_20260524-002751_synthetic_may19_r60_spconv_d16_b3_depth3_100ep-final_bigcity_r60_spconv_d16_100ep_metrics_uogqhDuF/inference/0
bigcity,r60,32,fvdb,55,0.959644,0.006081,0.075304,0.226959,0.421620,38.153,25.526,811.6,/var/tmp/atighedl_runs/final_all_inference_complete_100ep/fvdb_out/OACNNsInterleaved_final_infer_bigcity_r60_dice_20260524-004242_synthetic_may19_r60_fvdb_d32_b3_depth3_100ep-final_bigcity_r60_fvdb_d32_100ep_metrics_e99oTPW9/inference/0
bigcity,r60,32,spconv,55,0.960602,0.007261,0.072607,0.271030,0.466251,23.217,22.766,672.9,/var/tmp/atighedl_runs/final_all_inference_complete_100ep/spconv_out/OACNNsInterleaved_final_infer_bigcity_r60_dice_20260524-005219_synthetic_may19_r60_spconv_d32_b3_depth3_100ep-final_bigcity_r60_spconv_d32_100ep_metrics_WIRlbpOG/inference/0
bigcity,r90,8,fvdb,41,0.950811,0.006811,0.097227,0.254684,0.500486,32.361,28.255,367.6,/var/tmp/atighedl_runs/final_all_inference_complete_100ep/fvdb_out/OACNNsInterleaved_final_infer_bigcity_r90_dice_20260524-010816_synthetic_may19_r90_fvdb_d8_b3_depth3_100ep-final_bigcity_r90_fvdb_d8_100ep_metrics_KTUc7nHp/inference/0
bigcity,r90,8,spconv,41,0.972445,0.007496,0.059125,0.279626,0.535793,17.552,17.123,313.9,/var/tmp/atighedl_runs/final_all_inference_complete_100ep/spconv_out/OACNNsInterleaved_final_infer_bigcity_r90_dice_20260524-011517_synthetic_may19_r90_spconv_d8_b3_depth3_100ep-final_bigcity_r90_spconv_d8_100ep_metrics_DiNkGq3o/inference/0
bigcity,r90,16,fvdb,41,0.963571,0.008701,0.071492,0.325745,0.578285,34.425,27.586,460.1,/var/tmp/atighedl_runs/final_all_inference_complete_100ep/fvdb_out/OACNNsInterleaved_final_infer_bigcity_r90_dice_20260524-012854_synthetic_may19_r90_fvdb_d16_b3_depth3_100ep-final_bigcity_r90_fvdb_d16_100ep_metrics_gYOCFQST/inference/0
bigcity,r90,16,spconv,41,0.965977,0.009350,0.066559,0.349268,0.603225,17.527,17.113,380.5,/var/tmp/atighedl_runs/final_all_inference_complete_100ep/spconv_out/OACNNsInterleaved_final_infer_bigcity_r90_dice_20260524-013622_synthetic_may19_r90_spconv_d16_b3_depth3_100ep-final_bigcity_r90_spconv_d16_100ep_metrics_LuI0If83/inference/0
bigcity,r90,32,fvdb,41,0.922015,0.005838,0.156457,0.218496,0.448309,37.618,25.359,808.3,/var/tmp/atighedl_runs/final_all_inference_complete_100ep/fvdb_out/OACNNsInterleaved_final_infer_bigcity_r90_dice_20260524-015131_synthetic_may19_r90_fvdb_d32_b3_depth3_100ep-final_bigcity_r90_fvdb_d32_100ep_metrics_zWTFAW8Y/inference/0
bigcity,r90,32,spconv,41,0.955536,0.007940,0.092373,0.297201,0.544394,23.459,23.007,670.9,/var/tmp/atighedl_runs/final_all_inference_complete_100ep/spconv_out/OACNNsInterleaved_final_infer_bigcity_r90_dice_20260524-015922_synthetic_may19_r90_spconv_d32_b3_depth3_100ep-final_bigcity_r90_spconv_d32_100ep_metrics_TO8MCiHX/inference/0
industrial,r30,8,fvdb,459,0.993820,0.004207,0.007966,0.398070,0.812666,30.343,28.006,306.6,/var/tmp/atighedl_runs/final_all_inference_complete_100ep/fvdb_out/OACNNsInterleaved_final_infer_industrial_r30_dice_20260523-221929_synthetic_may19_r30_fvdb_d8_b3_depth3_100ep-final_industrial_r30_fvdb_d8_100ep_metrics_qXyTJFrt/inference/0
industrial,r30,8,spconv,459,0.993924,0.003287,0.009567,0.311023,0.724924,17.221,16.791,280.5,/var/tmp/atighedl_runs/final_all_inference_complete_100ep/spconv_out/OACNNsInterleaved_final_infer_industrial_r30_dice_20260523-223401_synthetic_may19_r30_spconv_d8_b3_depth3_100ep-final_industrial_r30_spconv_d8_100ep_metrics_vno2dYU0/inference/0
industrial,r30,16,fvdb,459,0.988427,0.004449,0.011493,0.418591,0.831672,31.420,27.260,393.7,/var/tmp/atighedl_runs/final_all_inference_complete_100ep/fvdb_out/OACNNsInterleaved_final_infer_industrial_r30_dice_20260523-225022_synthetic_may19_r30_fvdb_d16_b3_depth3_100ep-final_industrial_r30_fvdb_d16_100ep_metrics_chhWZiV4/inference/0
industrial,r30,16,spconv,459,0.988413,0.004456,0.009075,0.420634,0.834802,17.705,17.290,341.6,/var/tmp/atighedl_runs/final_all_inference_complete_100ep/spconv_out/OACNNsInterleaved_final_infer_industrial_r30_dice_20260523-230454_synthetic_may19_r30_spconv_d16_b3_depth3_100ep-final_industrial_r30_spconv_d16_100ep_metrics_1ZKm2njL/inference/0
industrial,r30,32,fvdb,459,0.965976,0.003751,0.053503,0.354118,0.749257,33.623,24.900,709.6,/var/tmp/atighedl_runs/final_all_inference_complete_100ep/fvdb_out/OACNNsInterleaved_final_infer_industrial_r30_dice_20260523-232148_synthetic_may19_r30_fvdb_d32_b3_depth3_100ep-final_industrial_r30_fvdb_d32_100ep_metrics_IQfGtS3P/inference/0
industrial,r30,32,spconv,459,0.972556,0.003956,0.035541,0.372864,0.775774,22.956,22.505,610.9,/var/tmp/atighedl_runs/final_all_inference_complete_100ep/spconv_out/OACNNsInterleaved_final_infer_industrial_r30_dice_20260523-233806_synthetic_may19_r30_spconv_d32_b3_depth3_100ep-final_industrial_r30_spconv_d32_100ep_metrics_2gZaPrkN/inference/0
industrial,r60,8,fvdb,246,0.989107,0.003218,0.020718,0.305403,0.717013,30.319,28.105,306.6,/var/tmp/atighedl_runs/final_all_inference_complete_100ep/fvdb_out/OACNNsInterleaved_final_infer_industrial_r60_dice_20260523-235649_synthetic_may19_r60_fvdb_d8_b3_depth3_100ep-final_industrial_r60_fvdb_d8_100ep_metrics_N6NSpf5K/inference/0
industrial,r60,8,spconv,246,0.993335,0.003708,0.010028,0.351138,0.767308,17.147,16.716,280.5,/var/tmp/atighedl_runs/final_all_inference_complete_100ep/spconv_out/OACNNsInterleaved_final_infer_industrial_r60_dice_20260524-000652_synthetic_may19_r60_spconv_d8_b3_depth3_100ep-final_industrial_r60_spconv_d8_100ep_metrics_EtA46W8p/inference/0
industrial,r60,16,fvdb,246,0.986902,0.003936,0.016321,0.373461,0.787150,31.436,27.318,391.0,/var/tmp/atighedl_runs/final_all_inference_complete_100ep/fvdb_out/OACNNsInterleaved_final_infer_industrial_r60_dice_20260524-002004_synthetic_may19_r60_fvdb_d16_b3_depth3_100ep-final_industrial_r60_fvdb_d16_100ep_metrics_i3Pi3pt9/inference/0
industrial,r60,16,spconv,246,0.987362,0.003737,0.017149,0.354018,0.767259,17.547,17.132,339.2,/var/tmp/atighedl_runs/final_all_inference_complete_100ep/spconv_out/OACNNsInterleaved_final_infer_industrial_r60_dice_20260524-003013_synthetic_may19_r60_spconv_d16_b3_depth3_100ep-final_industrial_r60_spconv_d16_100ep_metrics_j27j0PmM/inference/0
industrial,r60,32,fvdb,246,0.958751,0.003327,0.072712,0.315799,0.705558,33.657,24.955,709.6,/var/tmp/atighedl_runs/final_all_inference_complete_100ep/fvdb_out/OACNNsInterleaved_final_infer_industrial_r60_dice_20260524-004334_synthetic_may19_r60_fvdb_d32_b3_depth3_100ep-final_industrial_r60_fvdb_d32_100ep_metrics_TPktEmKX/inference/0
industrial,r60,32,spconv,246,0.961564,0.003470,0.075707,0.329023,0.717559,23.021,22.571,610.9,/var/tmp/atighedl_runs/final_all_inference_complete_100ep/spconv_out/OACNNsInterleaved_final_infer_industrial_r60_dice_20260524-005453_synthetic_may19_r60_spconv_d32_b3_depth3_100ep-final_industrial_r60_spconv_d32_100ep_metrics_rUecsbAf/inference/0
industrial,r90,8,fvdb,170,0.993556,0.003594,0.010759,0.336824,0.756451,30.385,27.789,306.0,/var/tmp/atighedl_runs/final_all_inference_complete_100ep/fvdb_out/OACNNsInterleaved_final_infer_industrial_r90_dice_20260524-010900_synthetic_may19_r90_fvdb_d8_b3_depth3_100ep-final_industrial_r90_fvdb_d8_100ep_metrics_HB9bg1b0/inference/0
industrial,r90,8,spconv,170,0.993159,0.003442,0.011678,0.322834,0.742083,17.203,16.773,279.1,/var/tmp/atighedl_runs/final_all_inference_complete_100ep/spconv_out/OACNNsInterleaved_final_infer_industrial_r90_dice_20260524-011744_synthetic_may19_r90_spconv_d8_b3_depth3_100ep-final_industrial_r90_spconv_d8_100ep_metrics_EYMQioPP/inference/0
industrial,r90,16,fvdb,170,0.986382,0.003897,0.020108,0.364640,0.780274,31.461,27.533,391.8,/var/tmp/atighedl_runs/final_all_inference_complete_100ep/fvdb_out/OACNNsInterleaved_final_infer_industrial_r90_dice_20260524-012941_synthetic_may19_r90_fvdb_d16_b3_depth3_100ep-final_industrial_r90_fvdb_d16_100ep_metrics_kF8K4ZrE/inference/0
industrial,r90,16,spconv,170,0.986535,0.004206,0.015268,0.394155,0.811942,17.539,17.125,339.8,/var/tmp/atighedl_runs/final_all_inference_complete_100ep/spconv_out/OACNNsInterleaved_final_infer_industrial_r90_dice_20260524-013905_synthetic_may19_r90_spconv_d16_b3_depth3_100ep-final_industrial_r90_spconv_d16_100ep_metrics_PdhhG1ox/inference/0
industrial,r90,32,fvdb,170,0.952185,0.003473,0.090267,0.326055,0.712373,33.652,24.919,711.0,/var/tmp/atighedl_runs/final_all_inference_complete_100ep/fvdb_out/OACNNsInterleaved_final_infer_industrial_r90_dice_20260524-015220_synthetic_may19_r90_fvdb_d32_b3_depth3_100ep-final_industrial_r90_fvdb_d32_100ep_metrics_K1RVcu66/inference/0
industrial,r90,32,spconv,170,0.976834,0.004752,0.021342,0.445820,0.861389,23.183,22.731,611.9,/var/tmp/atighedl_runs/final_all_inference_complete_100ep/spconv_out/OACNNsInterleaved_final_infer_industrial_r90_dice_20260524-020208_synthetic_may19_r90_spconv_d32_b3_depth3_100ep-final_industrial_r90_spconv_d32_100ep_metrics_LQ8Ddwfq/inference/0
robotlab,r30,8,fvdb,129,0.981327,0.007413,0.038956,0.403326,0.766494,31.289,27.955,353.5,/var/tmp/atighedl_runs/final_all_inference_complete_100ep/fvdb_out/OACNNsInterleaved_final_infer_robotlab_r30_dice_20260523-222158_synthetic_may19_r30_fvdb_d8_b3_depth3_100ep-final_robotlab_r30_fvdb_d8_100ep_metrics_64uExEB4/inference/0
robotlab,r30,8,spconv,129,0.979713,0.006442,0.041313,0.351656,0.713964,17.287,16.865,306.7,/var/tmp/atighedl_runs/final_all_inference_complete_100ep/spconv_out/OACNNsInterleaved_final_infer_robotlab_r30_dice_20260523-223752_synthetic_may19_r30_spconv_d8_b3_depth3_100ep-final_robotlab_r30_spconv_d8_100ep_metrics_3Lgob1a3/inference/0
robotlab,r30,16,fvdb,129,0.980300,0.009430,0.032954,0.512175,0.877676,34.650,27.647,461.4,/var/tmp/atighedl_runs/final_all_inference_complete_100ep/fvdb_out/OACNNsInterleaved_final_infer_robotlab_r30_dice_20260523-225256_synthetic_may19_r30_fvdb_d16_b3_depth3_100ep-final_robotlab_r30_fvdb_d16_100ep_metrics_aRvmuDOK/inference/0
robotlab,r30,16,spconv,129,0.981440,0.009122,0.028040,0.495521,0.862931,17.693,17.277,382.7,/var/tmp/atighedl_runs/final_all_inference_complete_100ep/spconv_out/OACNNsInterleaved_final_infer_robotlab_r30_dice_20260523-230846_synthetic_may19_r30_spconv_d16_b3_depth3_100ep-final_robotlab_r30_spconv_d16_100ep_metrics_RM6LtaBH/inference/0
robotlab,r30,32,fvdb,129,0.956180,0.009114,0.079130,0.496175,0.844419,38.017,25.384,810.0,/var/tmp/atighedl_runs/final_all_inference_complete_100ep/fvdb_out/OACNNsInterleaved_final_infer_robotlab_r30_dice_20260523-232454_synthetic_may19_r30_fvdb_d32_b3_depth3_100ep-final_robotlab_r30_fvdb_d32_100ep_metrics_uIRgD07D/inference/0
robotlab,r30,32,spconv,129,0.966155,0.009142,0.058193,0.497726,0.853882,23.332,22.881,671.9,/var/tmp/atighedl_runs/final_all_inference_complete_100ep/spconv_out/OACNNsInterleaved_final_infer_robotlab_r30_dice_20260523-234242_synthetic_may19_r30_spconv_d32_b3_depth3_100ep-final_robotlab_r30_spconv_d32_100ep_metrics_dh9xVXYg/inference/0
robotlab,r60,8,fvdb,66,0.963762,0.005641,0.075670,0.306827,0.673059,31.882,27.891,350.1,/var/tmp/atighedl_runs/final_all_inference_complete_100ep/fvdb_out/OACNNsInterleaved_final_infer_robotlab_r60_dice_20260523-235824_synthetic_may19_r60_fvdb_d8_b3_depth3_100ep-final_robotlab_r60_fvdb_d8_100ep_metrics_nEDLLOMj/inference/0
robotlab,r60,8,spconv,66,0.979667,0.006624,0.041464,0.360795,0.740857,17.248,16.816,306.3,/var/tmp/atighedl_runs/final_all_inference_complete_100ep/spconv_out/OACNNsInterleaved_final_infer_robotlab_r60_dice_20260524-001008_synthetic_may19_r60_spconv_d8_b3_depth3_100ep-final_robotlab_r60_spconv_d8_100ep_metrics_cWBV4M2M/inference/0
robotlab,r60,16,fvdb,66,0.953229,0.006736,0.094352,0.365927,0.724865,34.744,27.779,461.1,/var/tmp/atighedl_runs/final_all_inference_complete_100ep/fvdb_out/OACNNsInterleaved_final_infer_robotlab_r60_dice_20260524-002141_synthetic_may19_r60_fvdb_d16_b3_depth3_100ep-final_robotlab_r60_fvdb_d16_100ep_metrics_in08mHBJ/inference/0
robotlab,r60,16,spconv,66,0.957601,0.006666,0.085787,0.361857,0.724074,17.961,17.547,382.4,/var/tmp/atighedl_runs/final_all_inference_complete_100ep/spconv_out/OACNNsInterleaved_final_infer_robotlab_r60_dice_20260524-003327_synthetic_may19_r60_spconv_d16_b3_depth3_100ep-final_robotlab_r60_spconv_d16_100ep_metrics_EQuOs1p3/inference/0
robotlab,r60,32,fvdb,66,0.944689,0.008193,0.110096,0.444569,0.797016,37.969,25.568,818.9,/var/tmp/atighedl_runs/final_all_inference_complete_100ep/fvdb_out/OACNNsInterleaved_final_infer_robotlab_r60_dice_20260524-004530_synthetic_may19_r60_fvdb_d32_b3_depth3_100ep-final_robotlab_r60_fvdb_d32_100ep_metrics_vhSqXdJ8/inference/0
robotlab,r60,32,spconv,66,0.944497,0.007581,0.113695,0.411669,0.763016,23.694,23.243,675.9,/var/tmp/atighedl_runs/final_all_inference_complete_100ep/spconv_out/OACNNsInterleaved_final_infer_robotlab_r60_dice_20260524-005821_synthetic_may19_r60_spconv_d32_b3_depth3_100ep-final_robotlab_r60_spconv_d32_100ep_metrics_M9zNLhCx/inference/0
robotlab,r90,8,fvdb,45,0.969035,0.005837,0.063270,0.316699,0.701614,31.726,28.175,348.6,/var/tmp/atighedl_runs/final_all_inference_complete_100ep/fvdb_out/OACNNsInterleaved_final_infer_robotlab_r90_dice_20260524-011017_synthetic_may19_r90_fvdb_d8_b3_depth3_100ep-final_robotlab_r90_fvdb_d8_100ep_metrics_JFm3ry1X/inference/0
robotlab,r90,8,spconv,45,0.975465,0.006136,0.050010,0.333669,0.724100,17.252,16.822,306.1,/var/tmp/atighedl_runs/final_all_inference_complete_100ep/spconv_out/OACNNsInterleaved_final_infer_robotlab_r90_dice_20260524-012042_synthetic_may19_r90_spconv_d8_b3_depth3_100ep-final_robotlab_r90_spconv_d8_100ep_metrics_Hk42wT4k/inference/0
robotlab,r90,16,fvdb,45,0.960472,0.006974,0.079762,0.378077,0.756122,34.425,27.625,459.3,/var/tmp/atighedl_runs/final_all_inference_complete_100ep/fvdb_out/OACNNsInterleaved_final_infer_robotlab_r90_dice_20260524-013102_synthetic_may19_r90_fvdb_d16_b3_depth3_100ep-final_robotlab_r90_fvdb_d16_100ep_metrics_Y2wiwvFh/inference/0
robotlab,r90,16,spconv,45,0.973165,0.007830,0.051312,0.423606,0.813433,17.609,17.195,379.6,/var/tmp/atighedl_runs/final_all_inference_complete_100ep/spconv_out/OACNNsInterleaved_final_infer_robotlab_r90_dice_20260524-014216_synthetic_may19_r90_spconv_d16_b3_depth3_100ep-final_robotlab_r90_spconv_d16_100ep_metrics_iCtYXbJZ/inference/0
robotlab,r90,32,fvdb,45,0.936492,0.007779,0.133313,0.423094,0.779173,38.216,25.584,811.6,/var/tmp/atighedl_runs/final_all_inference_complete_100ep/fvdb_out/OACNNsInterleaved_final_infer_robotlab_r90_dice_20260524-015353_synthetic_may19_r90_fvdb_d32_b3_depth3_100ep-final_robotlab_r90_fvdb_d32_100ep_metrics_tyeZtIgD/inference/0
robotlab,r90,32,spconv,45,0.972841,0.009362,0.037236,0.507415,0.903244,23.563,23.111,672.9,/var/tmp/atighedl_runs/final_all_inference_complete_100ep/spconv_out/OACNNsInterleaved_final_infer_robotlab_r90_dice_20260524-020522_synthetic_may19_r90_spconv_d32_b3_depth3_100ep-final_robotlab_r90_spconv_d32_100ep_metrics_Ria5VW60/inference/0
sponza,r30,8,fvdb,281,0.989783,0.019027,0.013198,0.452854,0.584765,35.685,28.511,449.4,/var/tmp/atighedl_runs/final_all_inference_complete_100ep/fvdb_out/OACNNsInterleaved_final_infer_sponza_r30_dice_20260523-222318_synthetic_may19_r30_fvdb_d8_b3_depth3_100ep-final_sponza_r30_fvdb_d8_100ep_metrics_K5yoxUTt/inference/0
sponza,r30,8,spconv,281,0.989864,0.012568,0.015585,0.298380,0.429973,17.660,17.239,366.5,/var/tmp/atighedl_runs/final_all_inference_complete_100ep/spconv_out/OACNNsInterleaved_final_infer_sponza_r30_dice_20260523-224040_synthetic_may19_r30_spconv_d8_b3_depth3_100ep-final_sponza_r30_spconv_d8_100ep_metrics_FsaWIHuo/inference/0
sponza,r30,16,fvdb,281,0.983254,0.020925,0.016374,0.496767,0.628260,40.070,28.224,608.1,/var/tmp/atighedl_runs/final_all_inference_complete_100ep/fvdb_out/OACNNsInterleaved_final_infer_sponza_r30_dice_20260523-225414_synthetic_may19_r30_fvdb_d16_b3_depth3_100ep-final_sponza_r30_fvdb_d16_100ep_metrics_01Ji6V2Y/inference/0
sponza,r30,16,spconv,281,0.977341,0.017236,0.032935,0.409870,0.539155,18.648,18.231,470.4,/var/tmp/atighedl_runs/final_all_inference_complete_100ep/spconv_out/OACNNsInterleaved_final_infer_sponza_r30_dice_20260523-231131_synthetic_may19_r30_spconv_d16_b3_depth3_100ep-final_sponza_r30_spconv_d16_100ep_metrics_fF3DejEs/inference/0
sponza,r30,32,fvdb,281,0.952725,0.017036,0.076327,0.403305,0.526863,44.920,26.681,972.9,/var/tmp/atighedl_runs/final_all_inference_complete_100ep/fvdb_out/OACNNsInterleaved_final_infer_sponza_r30_dice_20260523-232621_synthetic_may19_r30_fvdb_d32_b3_depth3_100ep-final_sponza_r30_fvdb_d32_100ep_metrics_pl4dloSx/inference/0
sponza,r30,32,spconv,281,0.961740,0.016192,0.063947,0.384245,0.509391,23.834,23.383,770.5,/var/tmp/atighedl_runs/final_all_inference_complete_100ep/spconv_out/OACNNsInterleaved_final_infer_sponza_r30_dice_20260523-234545_synthetic_may19_r30_spconv_d32_b3_depth3_100ep-final_sponza_r30_spconv_d32_100ep_metrics_iO7M9LPa/inference/0
sponza,r60,8,fvdb,146,0.980183,0.011466,0.037331,0.273859,0.417729,35.817,28.528,449.6,/var/tmp/atighedl_runs/final_all_inference_complete_100ep/fvdb_out/OACNNsInterleaved_final_infer_sponza_r60_dice_20260523-235921_synthetic_may19_r60_fvdb_d8_b3_depth3_100ep-final_sponza_r60_fvdb_d8_100ep_metrics_h13H1UuU/inference/0
sponza,r60,8,spconv,146,0.987488,0.013011,0.020748,0.309750,0.456110,17.664,17.236,366.6,/var/tmp/atighedl_runs/final_all_inference_complete_100ep/spconv_out/OACNNsInterleaved_final_infer_sponza_r60_dice_20260524-001246_synthetic_may19_r60_spconv_d8_b3_depth3_100ep-final_sponza_r60_spconv_d8_100ep_metrics_t5RWbnTC/inference/0
sponza,r60,16,fvdb,146,0.965154,0.014341,0.062546,0.342519,0.482723,39.985,28.305,602.6,/var/tmp/atighedl_runs/final_all_inference_complete_100ep/fvdb_out/OACNNsInterleaved_final_infer_sponza_r60_dice_20260524-002240_synthetic_may19_r60_fvdb_d16_b3_depth3_100ep-final_sponza_r60_fvdb_d16_100ep_metrics_O83haiCt/inference/0
sponza,r60,16,spconv,146,0.951820,0.011722,0.092995,0.279437,0.414933,18.764,18.348,467.1,/var/tmp/atighedl_runs/final_all_inference_complete_100ep/spconv_out/OACNNsInterleaved_final_infer_sponza_r60_dice_20260524-003603_synthetic_may19_r60_spconv_d16_b3_depth3_100ep-final_sponza_r60_spconv_d16_100ep_metrics_ya7VkcHF/inference/0
sponza,r60,32,fvdb,146,0.932266,0.013519,0.133663,0.319794,0.449179,44.646,26.584,967.2,/var/tmp/atighedl_runs/final_all_inference_complete_100ep/fvdb_out/OACNNsInterleaved_final_infer_sponza_r60_dice_20260524-004632_synthetic_may19_r60_fvdb_d32_b3_depth3_100ep-final_sponza_r60_fvdb_d32_100ep_metrics_SiZSKcIt/inference/0
sponza,r60,32,spconv,146,0.925710,0.013996,0.141935,0.331826,0.460100,23.803,23.350,766.5,/var/tmp/atighedl_runs/final_all_inference_complete_100ep/spconv_out/OACNNsInterleaved_final_infer_sponza_r60_dice_20260524-010108_synthetic_may19_r60_spconv_d32_b3_depth3_100ep-final_sponza_r60_spconv_d32_100ep_metrics_CllCRhEn/inference/0
sponza,r90,8,fvdb,98,0.978086,0.012962,0.040815,0.309864,0.464386,35.655,28.432,449.2,/var/tmp/atighedl_runs/final_all_inference_complete_100ep/fvdb_out/OACNNsInterleaved_final_infer_sponza_r90_dice_20260524-011109_synthetic_may19_r90_fvdb_d8_b3_depth3_100ep-final_sponza_r90_fvdb_d8_100ep_metrics_lez5Uoyd/inference/0
sponza,r90,8,spconv,98,0.975858,0.012890,0.046154,0.306637,0.460252,17.683,17.255,366.4,/var/tmp/atighedl_runs/final_all_inference_complete_100ep/spconv_out/OACNNsInterleaved_final_infer_sponza_r90_dice_20260524-012317_synthetic_may19_r90_spconv_d8_b3_depth3_100ep-final_sponza_r90_spconv_d8_100ep_metrics_0iHnjMBk/inference/0
sponza,r90,16,fvdb,98,0.955948,0.015626,0.080879,0.375037,0.523128,40.117,28.292,599.2,/var/tmp/atighedl_runs/final_all_inference_complete_100ep/fvdb_out/OACNNsInterleaved_final_infer_sponza_r90_dice_20260524-013154_synthetic_may19_r90_fvdb_d16_b3_depth3_100ep-final_sponza_r90_fvdb_d16_100ep_metrics_7e8oihG9/inference/0
sponza,r90,16,spconv,98,0.968529,0.017139,0.056859,0.408283,0.560222,18.948,18.535,465.1,/var/tmp/atighedl_runs/final_all_inference_complete_100ep/spconv_out/OACNNsInterleaved_final_infer_sponza_r90_dice_20260524-014508_synthetic_may19_r90_spconv_d16_b3_depth3_100ep-final_sponza_r90_spconv_d16_100ep_metrics_6BJ7SIgk/inference/0
sponza,r90,32,fvdb,98,0.900324,0.013965,0.188546,0.332924,0.463533,44.545,26.681,966.6,/var/tmp/atighedl_runs/final_all_inference_complete_100ep/fvdb_out/OACNNsInterleaved_final_infer_sponza_r90_dice_20260524-015449_synthetic_may19_r90_fvdb_d32_b3_depth3_100ep-final_sponza_r90_fvdb_d32_100ep_metrics_wKMZ6LpI/inference/0
sponza,r90,32,spconv,98,0.946331,0.020082,0.093830,0.479514,0.625494,23.711,23.260,766.0,/var/tmp/atighedl_runs/final_all_inference_complete_100ep/spconv_out/OACNNsInterleaved_final_infer_sponza_r90_dice_20260524-020809_synthetic_may19_r90_spconv_d32_b3_depth3_100ep-final_sponza_r90_spconv_d32_100ep_metrics_BWzhKfiH/inference/0
viking,r30,8,fvdb,818,0.962667,0.010233,0.080598,0.383524,0.583373,31.822,27.860,353.9,/var/tmp/atighedl_runs/final_all_inference_complete_100ep/fvdb_out/OACNNsInterleaved_final_infer_viking_r30_dice_20260523-222552_synthetic_may19_r30_fvdb_d8_b3_depth3_100ep-final_viking_r30_fvdb_d8_100ep_metrics_RjacSwyO/inference/0
viking,r30,8,spconv,818,0.955151,0.007250,0.090234,0.272539,0.470158,17.197,16.775,307.2,/var/tmp/atighedl_runs/final_all_inference_complete_100ep/spconv_out/OACNNsInterleaved_final_infer_viking_r30_dice_20260523-224417_synthetic_may19_r30_spconv_d8_b3_depth3_100ep-final_viking_r30_spconv_d8_100ep_metrics_g1qyvwX9/inference/0
viking,r30,16,fvdb,818,0.985019,0.012402,0.022040,0.463894,0.676660,34.461,27.574,462.2,/var/tmp/atighedl_runs/final_all_inference_complete_100ep/fvdb_out/OACNNsInterleaved_final_infer_viking_r30_dice_20260523-225646_synthetic_may19_r30_fvdb_d16_b3_depth3_100ep-final_viking_r30_fvdb_d16_100ep_metrics_X5xoT7Wt/inference/0
viking,r30,16,spconv,818,0.985044,0.012103,0.019854,0.449346,0.662563,17.736,17.321,383.0,/var/tmp/atighedl_runs/final_all_inference_complete_100ep/spconv_out/OACNNsInterleaved_final_infer_viking_r30_dice_20260523-231518_synthetic_may19_r30_spconv_d16_b3_depth3_100ep-final_viking_r30_spconv_d16_100ep_metrics_7ntYqIgS/inference/0
viking,r30,32,fvdb,818,0.959966,0.010242,0.069260,0.388421,0.590817,37.262,25.395,806.5,/var/tmp/atighedl_runs/final_all_inference_complete_100ep/fvdb_out/OACNNsInterleaved_final_infer_viking_r30_dice_20260523-232901_synthetic_may19_r30_fvdb_d32_b3_depth3_100ep-final_viking_r30_fvdb_d32_100ep_metrics_vB3k6zU9/inference/0
viking,r30,32,spconv,818,0.971524,0.010546,0.045508,0.396482,0.603960,23.481,23.029,668.9,/var/tmp/atighedl_runs/final_all_inference_complete_100ep/spconv_out/OACNNsInterleaved_final_infer_viking_r30_dice_20260523-234956_synthetic_may19_r30_spconv_d32_b3_depth3_100ep-final_viking_r30_spconv_d32_100ep_metrics_vQhEaMfe/inference/0
viking,r60,8,fvdb,443,0.912127,0.006523,0.171332,0.244316,0.435625,31.111,27.742,353.5,/var/tmp/atighedl_runs/final_all_inference_complete_100ep/fvdb_out/OACNNsInterleaved_final_infer_viking_r60_dice_20260524-000046_synthetic_may19_r60_fvdb_d8_b3_depth3_100ep-final_viking_r60_fvdb_d8_100ep_metrics_YjjPkZrD/inference/0
viking,r60,8,spconv,443,0.961441,0.007708,0.081086,0.289281,0.501770,17.370,16.947,306.7,/var/tmp/atighedl_runs/final_all_inference_complete_100ep/spconv_out/OACNNsInterleaved_final_infer_viking_r60_dice_20260524-001548_synthetic_may19_r60_spconv_d8_b3_depth3_100ep-final_viking_r60_spconv_d8_100ep_metrics_NOFPRmeO/inference/0
viking,r60,16,fvdb,443,0.962141,0.009011,0.077102,0.337596,0.551023,34.569,27.693,462.2,/var/tmp/atighedl_runs/final_all_inference_complete_100ep/fvdb_out/OACNNsInterleaved_final_infer_viking_r60_dice_20260524-002410_synthetic_may19_r60_fvdb_d16_b3_depth3_100ep-final_viking_r60_fvdb_d16_100ep_metrics_wyk8Gmz2/inference/0
viking,r60,16,spconv,443,0.968045,0.009083,0.064747,0.339507,0.555850,17.523,17.108,383.0,/var/tmp/atighedl_runs/final_all_inference_complete_100ep/spconv_out/OACNNsInterleaved_final_infer_viking_r60_dice_20260524-003906_synthetic_may19_r60_spconv_d16_b3_depth3_100ep-final_viking_r60_spconv_d16_100ep_metrics_RLiqS2gX/inference/0
viking,r60,32,fvdb,443,0.945889,0.008561,0.107742,0.323940,0.530017,37.139,25.349,804.7,/var/tmp/atighedl_runs/final_all_inference_complete_100ep/fvdb_out/OACNNsInterleaved_final_infer_viking_r60_dice_20260524-004812_synthetic_may19_r60_fvdb_d32_b3_depth3_100ep-final_viking_r60_fvdb_d32_100ep_metrics_tYv6oiZP/inference/0
viking,r60,32,spconv,443,0.947173,0.008541,0.106206,0.320916,0.527393,23.539,23.088,666.9,/var/tmp/atighedl_runs/final_all_inference_complete_100ep/spconv_out/OACNNsInterleaved_final_infer_viking_r60_dice_20260524-010421_synthetic_may19_r60_spconv_d32_b3_depth3_100ep-final_viking_r60_spconv_d32_100ep_metrics_t84bvf0w/inference/0
viking,r90,8,fvdb,304,0.937019,0.007077,0.126097,0.265176,0.478222,31.228,27.792,353.8,/var/tmp/atighedl_runs/final_all_inference_complete_100ep/fvdb_out/OACNNsInterleaved_final_infer_viking_r90_dice_20260524-011220_synthetic_may19_r90_fvdb_d8_b3_depth3_100ep-final_viking_r90_fvdb_d8_100ep_metrics_LOn9if5O/inference/0
viking,r90,8,spconv,304,0.960544,0.007714,0.081920,0.288037,0.512073,17.315,16.886,307.1,/var/tmp/atighedl_runs/final_all_inference_complete_100ep/spconv_out/OACNNsInterleaved_final_infer_viking_r90_dice_20260524-012602_synthetic_may19_r90_spconv_d8_b3_depth3_100ep-final_viking_r90_spconv_d8_100ep_metrics_WZygeotn/inference/0
viking,r90,16,fvdb,304,0.963868,0.009369,0.073814,0.350661,0.576665,34.488,27.503,463.6,/var/tmp/atighedl_runs/final_all_inference_complete_100ep/fvdb_out/OACNNsInterleaved_final_infer_viking_r90_dice_20260524-013310_synthetic_may19_r90_fvdb_d16_b3_depth3_100ep-final_viking_r90_fvdb_d16_100ep_metrics_2CdQNgQL/inference/0
viking,r90,16,spconv,304,0.977611,0.010943,0.040387,0.409210,0.643610,17.935,17.522,384.2,/var/tmp/atighedl_runs/final_all_inference_complete_100ep/spconv_out/OACNNsInterleaved_final_infer_viking_r90_dice_20260524-014823_synthetic_may19_r90_spconv_d16_b3_depth3_100ep-final_viking_r90_spconv_d16_100ep_metrics_Bx5sFsIn/inference/0
viking,r90,32,fvdb,304,0.920986,0.008187,0.162115,0.309731,0.513749,37.240,25.460,804.7,/var/tmp/atighedl_runs/final_all_inference_complete_100ep/fvdb_out/OACNNsInterleaved_final_infer_viking_r90_dice_20260524-015609_synthetic_may19_r90_fvdb_d32_b3_depth3_100ep-final_viking_r90_fvdb_d32_100ep_metrics_bvKyN31z/inference/0
viking,r90,32,spconv,304,0.968657,0.011521,0.050654,0.434856,0.666714,23.388,22.937,666.9,/var/tmp/atighedl_runs/final_all_inference_complete_100ep/spconv_out/OACNNsInterleaved_final_infer_viking_r90_dice_20260524-021112_synthetic_may19_r90_spconv_d32_b3_depth3_100ep-final_viking_r90_spconv_d32_100ep_metrics_NypnSbN0/inference/0
