scene,radius,d,backend,tag,epochs,dataset_name,dataset_path,train_dir,infer_dir,timing_dir,predicted_count,eval_stats,timing_eval_log,dice,loss,fn_rate,fp_rate,fp_ratio,gv_ratio,infer_time_mean,infer_time_std,infer_time_min,infer_time_max,interleaver_time_mean,deinterleaver_time_mean,infer_time_pure_mean,start_mem,end_mem,peak_mem,num_params,density_mean,density_std,density_min,density_max
bigcity,r30,8,fvdb,OACNN_bigcity_fvdb_d8_r30_200ep,200,bigcity_final_r30,/var/tmp/atighedl_runs/canonical_data/FINAL_GVPVV/BIGCITY_FINAL/bigcity/r30,/var/tmp/atighedl_runs/final_all_scenes_oacnn_interleaved_200ep/20260513-180853/fvdb_root/runs/bigcity/r30/d8/fvdb/OACNN_bigcity_fvdb_d8_r30_200ep,/var/tmp/atighedl_runs/final_all_scenes_oacnn_interleaved_200ep/20260513-180853/fvdb_root/runs/bigcity/r30/d8/fvdb/OACNN_bigcity_fvdb_d8_r30_200ep_infer,/var/tmp/atighedl_runs/final_all_scenes_oacnn_interleaved_200ep/20260513-180853/fvdb_root/runs/bigcity/r30/d8/fvdb/OACNN_bigcity_fvdb_d8_r30_200ep_timing,97,/var/tmp/atighedl_runs/final_all_scenes_oacnn_interleaved_200ep/20260513-180853/fvdb_root/runs/bigcity/r30/d8/fvdb/OACNN_bigcity_fvdb_d8_r30_200ep_infer/eval_stats.csv,/var/tmp/atighedl_runs/final_all_scenes_oacnn_interleaved_200ep/20260513-180853/fvdb_root/runs/bigcity/r30/d8/fvdb/OACNN_bigcity_fvdb_d8_r30_200ep_timing/eval_log.csv,0.99476238071304,0.0052376192869598845,0.0010222732378810143,0.003218034831998994,0.12099319104988547,0.2967519950620907,38.761704123993866,0.2724528380895084,38.543276001291815,40.635815999849,1.5880713049944009,3.80232486513154,33.37130795386793,122.8779296875,143.8720703125,256.26953125,9168192,0.026570444254531075,0.0014099419001165005,0.02346622943878174,0.030063509941101074
bigcity,r30,8,spconv,OACNN_bigcity_spconv_d8_r30_200ep,200,bigcity_final_r30,/var/tmp/atighedl_runs/canonical_data/FINAL_GVPVV/BIGCITY_FINAL/bigcity/r30,/var/tmp/atighedl_runs/final_all_scenes_oacnn_interleaved_200ep/20260513-180853/spconv_root/runs/bigcity/r30/d8/spconv/OACNN_bigcity_spconv_d8_r30_200ep,/var/tmp/atighedl_runs/final_all_scenes_oacnn_interleaved_200ep/20260513-180853/spconv_root/runs/bigcity/r30/d8/spconv/OACNN_bigcity_spconv_d8_r30_200ep_infer,/var/tmp/atighedl_runs/final_all_scenes_oacnn_interleaved_200ep/20260513-180853/spconv_root/runs/bigcity/r30/d8/spconv/OACNN_bigcity_spconv_d8_r30_200ep_timing,97,/var/tmp/atighedl_runs/final_all_scenes_oacnn_interleaved_200ep/20260513-180853/spconv_root/runs/bigcity/r30/d8/spconv/OACNN_bigcity_spconv_d8_r30_200ep_infer/eval_stats.csv,/var/tmp/atighedl_runs/final_all_scenes_oacnn_interleaved_200ep/20260513-180853/spconv_root/runs/bigcity/r30/d8/spconv/OACNN_bigcity_spconv_d8_r30_200ep_timing/eval_log.csv,0.9930036203148439,0.006996379685156074,0.0008666682786628269,0.0034727947450405713,0.13055007528398452,0.3063358312722334,17.0371841395412,0.10696687244152465,16.908485005842522,18.190741997386795,0.2165343157087894,0.2111147641665715,16.609535059665838,172.76123046875,221.48193359375,316.63232421875,9548096,0.026570444254531075,0.0014099419001165005,0.02346622943878174,0.030063509941101074
bigcity,r30,16,fvdb,OACNN_bigcity_fvdb_d16_r30_200ep,200,bigcity_final_r30,/var/tmp/atighedl_runs/canonical_data/FINAL_GVPVV/BIGCITY_FINAL/bigcity/r30,/var/tmp/atighedl_runs/final_all_scenes_oacnn_interleaved_200ep/20260513-180853/fvdb_root/runs/bigcity/r30/d16/fvdb/OACNN_bigcity_fvdb_d16_r30_200ep,/var/tmp/atighedl_runs/final_all_scenes_oacnn_interleaved_200ep/20260513-180853/fvdb_root/runs/bigcity/r30/d16/fvdb/OACNN_bigcity_fvdb_d16_r30_200ep_infer,/var/tmp/atighedl_runs/final_all_scenes_oacnn_interleaved_200ep/20260513-180853/fvdb_root/runs/bigcity/r30/d16/fvdb/OACNN_bigcity_fvdb_d16_r30_200ep_timing,97,/var/tmp/atighedl_runs/final_all_scenes_oacnn_interleaved_200ep/20260513-180853/fvdb_root/runs/bigcity/r30/d16/fvdb/OACNN_bigcity_fvdb_d16_r30_200ep_infer/eval_stats.csv,/var/tmp/atighedl_runs/final_all_scenes_oacnn_interleaved_200ep/20260513-180853/fvdb_root/runs/bigcity/r30/d16/fvdb/OACNN_bigcity_fvdb_d16_r30_200ep_timing/eval_log.csv,0.9881372285872391,0.011862771412760889,0.0013013824230340338,0.0049527952970801975,0.18593576289329333,0.3616446834249595,41.34431294200909,0.1726784890576879,41.07895400375128,42.36795299948426,1.589455868117966,6.768684732447288,32.98617234144383,153.8828125,186.8671875,360.537109375,15708992,0.026570444254531075,0.0014099419001165005,0.02346622943878174,0.030063509941101074
bigcity,r30,16,spconv,OACNN_bigcity_spconv_d16_r30_200ep,200,bigcity_final_r30,/var/tmp/atighedl_runs/canonical_data/FINAL_GVPVV/BIGCITY_FINAL/bigcity/r30,/var/tmp/atighedl_runs/final_all_scenes_oacnn_interleaved_200ep/20260513-180853/spconv_root/runs/bigcity/r30/d16/spconv/OACNN_bigcity_spconv_d16_r30_200ep,/var/tmp/atighedl_runs/final_all_scenes_oacnn_interleaved_200ep/20260513-180853/spconv_root/runs/bigcity/r30/d16/spconv/OACNN_bigcity_spconv_d16_r30_200ep_infer,/var/tmp/atighedl_runs/final_all_scenes_oacnn_interleaved_200ep/20260513-180853/spconv_root/runs/bigcity/r30/d16/spconv/OACNN_bigcity_spconv_d16_r30_200ep_timing,97,/var/tmp/atighedl_runs/final_all_scenes_oacnn_interleaved_200ep/20260513-180853/spconv_root/runs/bigcity/r30/d16/spconv/OACNN_bigcity_spconv_d16_r30_200ep_infer/eval_stats.csv,/var/tmp/atighedl_runs/final_all_scenes_oacnn_interleaved_200ep/20260513-180853/spconv_root/runs/bigcity/r30/d16/spconv/OACNN_bigcity_spconv_d16_r30_200ep_timing/eval_log.csv,0.9873268579699329,0.012673142030067001,0.0013652373897466295,0.00508494315112062,0.19082573593891772,0.36652426867140936,17.66245261254445,0.23324173076810573,17.49699500214774,19.90296800067881,0.20108099800010676,0.2119530581667277,17.249418556377613,198.71240234375,276.04052734375,386.44482421875,16088896,0.026570444254531075,0.0014099419001165005,0.02346622943878174,0.030063509941101074
bigcity,r30,32,fvdb,OACNN_bigcity_fvdb_d32_r30_200ep,200,bigcity_final_r30,/var/tmp/atighedl_runs/canonical_data/FINAL_GVPVV/BIGCITY_FINAL/bigcity/r30,/var/tmp/atighedl_runs/final_all_scenes_oacnn_interleaved_200ep/20260513-180853/fvdb_root/runs/bigcity/r30/d32/fvdb/OACNN_bigcity_fvdb_d32_r30_200ep,/var/tmp/atighedl_runs/final_all_scenes_oacnn_interleaved_200ep/20260513-180853/fvdb_root/runs/bigcity/r30/d32/fvdb/OACNN_bigcity_fvdb_d32_r30_200ep_infer,/var/tmp/atighedl_runs/final_all_scenes_oacnn_interleaved_200ep/20260513-180853/fvdb_root/runs/bigcity/r30/d32/fvdb/OACNN_bigcity_fvdb_d32_r30_200ep_timing,97,/var/tmp/atighedl_runs/final_all_scenes_oacnn_interleaved_200ep/20260513-180853/fvdb_root/runs/bigcity/r30/d32/fvdb/OACNN_bigcity_fvdb_d32_r30_200ep_infer/eval_stats.csv,/var/tmp/atighedl_runs/final_all_scenes_oacnn_interleaved_200ep/20260513-180853/fvdb_root/runs/bigcity/r30/d32/fvdb/OACNN_bigcity_fvdb_d32_r30_200ep_timing/eval_log.csv,0.9820577446947393,0.017942255305260682,0.00703217971532303,0.008606613608864423,0.32301429805067394,0.49770739398051783,43.53606959149424,0.16834462147614895,43.26328600291163,44.40585900010774,1.6800699576585127,11.522129236370594,30.333870397465134,362.84814453125,415.611328125,705.16357421875,68035392,0.026570444254531075,0.0014099419001165005,0.02346622943878174,0.030063509941101074
bigcity,r30,32,spconv,OACNN_bigcity_spconv_d32_r30_200ep,200,bigcity_final_r30,/var/tmp/atighedl_runs/canonical_data/FINAL_GVPVV/BIGCITY_FINAL/bigcity/r30,/var/tmp/atighedl_runs/final_all_scenes_oacnn_interleaved_200ep/20260513-180853/spconv_root/runs/bigcity/r30/d32/spconv/OACNN_bigcity_spconv_d32_r30_200ep,/var/tmp/atighedl_runs/final_all_scenes_oacnn_interleaved_200ep/20260513-180853/spconv_root/runs/bigcity/r30/d32/spconv/OACNN_bigcity_spconv_d32_r30_200ep_infer,/var/tmp/atighedl_runs/final_all_scenes_oacnn_interleaved_200ep/20260513-180853/spconv_root/runs/bigcity/r30/d32/spconv/OACNN_bigcity_spconv_d32_r30_200ep_timing,97,/var/tmp/atighedl_runs/final_all_scenes_oacnn_interleaved_200ep/20260513-180853/spconv_root/runs/bigcity/r30/d32/spconv/OACNN_bigcity_spconv_d32_r30_200ep_infer/eval_stats.csv,/var/tmp/atighedl_runs/final_all_scenes_oacnn_interleaved_200ep/20260513-180853/spconv_root/runs/bigcity/r30/d32/spconv/OACNN_bigcity_spconv_d32_r30_200ep_timing/eval_log.csv,0.9899482511982476,0.010051748801752415,0.001499432682920173,0.005089564040091949,0.1915741713391137,0.36724895085256126,23.573596680493413,0.0865500353601857,23.465127000235952,24.56113100197399,0.24510302542884826,0.20483881087886402,23.1236548441857,397.50927734375,525.00927734375,666.9423828125,68415296,0.026570444254531075,0.0014099419001165005,0.02346622943878174,0.030063509941101074
bigcity,r60,8,fvdb,OACNN_bigcity_fvdb_d8_r60_200ep,200,bigcity_final_r60,/var/tmp/atighedl_runs/canonical_data/FINAL_GVPVV/BIGCITY_FINAL/bigcity/r60,/var/tmp/atighedl_runs/final_all_scenes_oacnn_interleaved_200ep/20260513-180853/fvdb_root/runs/bigcity/r60/d8/fvdb/OACNN_bigcity_fvdb_d8_r60_200ep,/var/tmp/atighedl_runs/final_all_scenes_oacnn_interleaved_200ep/20260513-180853/fvdb_root/runs/bigcity/r60/d8/fvdb/OACNN_bigcity_fvdb_d8_r60_200ep_infer,/var/tmp/atighedl_runs/final_all_scenes_oacnn_interleaved_200ep/20260513-180853/fvdb_root/runs/bigcity/r60/d8/fvdb/OACNN_bigcity_fvdb_d8_r60_200ep_timing,55,/var/tmp/atighedl_runs/final_all_scenes_oacnn_interleaved_200ep/20260513-180853/fvdb_root/runs/bigcity/r60/d8/fvdb/OACNN_bigcity_fvdb_d8_r60_200ep_infer/eval_stats.csv,/var/tmp/atighedl_runs/final_all_scenes_oacnn_interleaved_200ep/20260513-180853/fvdb_root/runs/bigcity/r60/d8/fvdb/OACNN_bigcity_fvdb_d8_r60_200ep_timing/eval_log.csv,0.9928882858969948,0.0071117141030051035,0.002127743868963521,0.007464567131616805,0.27871111035346985,0.4890098902312192,38.47461823052772,0.1681603778798229,38.23075000400422,39.344666998658795,1.582430441244469,3.7651327797362697,33.12705500954698,123.02490234375,144.01171875,254.83056640625,9168192,0.02660337578166615,0.0015076178188831817,0.02304166555404663,0.029936015605926514
bigcity,r60,8,spconv,OACNN_bigcity_spconv_d8_r60_200ep,200,bigcity_final_r60,/var/tmp/atighedl_runs/canonical_data/FINAL_GVPVV/BIGCITY_FINAL/bigcity/r60,/var/tmp/atighedl_runs/final_all_scenes_oacnn_interleaved_200ep/20260513-180853/spconv_root/runs/bigcity/r60/d8/spconv/OACNN_bigcity_spconv_d8_r60_200ep,/var/tmp/atighedl_runs/final_all_scenes_oacnn_interleaved_200ep/20260513-180853/spconv_root/runs/bigcity/r60/d8/spconv/OACNN_bigcity_spconv_d8_r60_200ep_infer,/var/tmp/atighedl_runs/final_all_scenes_oacnn_interleaved_200ep/20260513-180853/spconv_root/runs/bigcity/r60/d8/spconv/OACNN_bigcity_spconv_d8_r60_200ep_timing,55,/var/tmp/atighedl_runs/final_all_scenes_oacnn_interleaved_200ep/20260513-180853/spconv_root/runs/bigcity/r60/d8/spconv/OACNN_bigcity_spconv_d8_r60_200ep_infer/eval_stats.csv,/var/tmp/atighedl_runs/final_all_scenes_oacnn_interleaved_200ep/20260513-180853/spconv_root/runs/bigcity/r60/d8/spconv/OACNN_bigcity_spconv_d8_r60_200ep_timing/eval_log.csv,0.9929345401850613,0.0070654598149385815,0.00212052265031322,0.005546685045754314,0.20742853636091405,0.41772785078395497,17.307287764581037,0.11816322230697504,17.202134993567597,18.436862002999987,0.21578297120959178,0.21509666441670558,16.87640812895474,172.76123046875,220.71044921875,314.61767578125,9548096,0.02660337578166615,0.0015076178188831817,0.02304166555404663,0.029936015605926514
bigcity,r60,16,fvdb,OACNN_bigcity_fvdb_d16_r60_200ep,200,bigcity_final_r60,/var/tmp/atighedl_runs/canonical_data/FINAL_GVPVV/BIGCITY_FINAL/bigcity/r60,/var/tmp/atighedl_runs/final_all_scenes_oacnn_interleaved_200ep/20260513-180853/fvdb_root/runs/bigcity/r60/d16/fvdb/OACNN_bigcity_fvdb_d16_r60_200ep,/var/tmp/atighedl_runs/final_all_scenes_oacnn_interleaved_200ep/20260513-180853/fvdb_root/runs/bigcity/r60/d16/fvdb/OACNN_bigcity_fvdb_d16_r60_200ep_infer,/var/tmp/atighedl_runs/final_all_scenes_oacnn_interleaved_200ep/20260513-180853/fvdb_root/runs/bigcity/r60/d16/fvdb/OACNN_bigcity_fvdb_d16_r60_200ep_timing,55,/var/tmp/atighedl_runs/final_all_scenes_oacnn_interleaved_200ep/20260513-180853/fvdb_root/runs/bigcity/r60/d16/fvdb/OACNN_bigcity_fvdb_d16_r60_200ep_infer/eval_stats.csv,/var/tmp/atighedl_runs/final_all_scenes_oacnn_interleaved_200ep/20260513-180853/fvdb_root/runs/bigcity/r60/d16/fvdb/OACNN_bigcity_fvdb_d16_r60_200ep_timing/eval_log.csv,0.9871777350252325,0.01282226497476746,0.0023965067898891177,0.0089467138898643,0.3344614646651528,0.5446992185982791,41.21610890135463,0.1616939780552234,41.02015199896414,42.28363399306545,1.581007138440782,6.723158481327118,32.91194328158673,153.68798828125,186.484375,358.841796875,15708992,0.02660337578166615,0.0015076178188831817,0.02304166555404663,0.029936015605926514
bigcity,r60,16,spconv,OACNN_bigcity_spconv_d16_r60_200ep,200,bigcity_final_r60,/var/tmp/atighedl_runs/canonical_data/FINAL_GVPVV/BIGCITY_FINAL/bigcity/r60,/var/tmp/atighedl_runs/final_all_scenes_oacnn_interleaved_200ep/20260513-180853/spconv_root/runs/bigcity/r60/d16/spconv/OACNN_bigcity_spconv_d16_r60_200ep,/var/tmp/atighedl_runs/final_all_scenes_oacnn_interleaved_200ep/20260513-180853/spconv_root/runs/bigcity/r60/d16/spconv/OACNN_bigcity_spconv_d16_r60_200ep_infer,/var/tmp/atighedl_runs/final_all_scenes_oacnn_interleaved_200ep/20260513-180853/spconv_root/runs/bigcity/r60/d16/spconv/OACNN_bigcity_spconv_d16_r60_200ep_timing,55,/var/tmp/atighedl_runs/final_all_scenes_oacnn_interleaved_200ep/20260513-180853/spconv_root/runs/bigcity/r60/d16/spconv/OACNN_bigcity_spconv_d16_r60_200ep_infer/eval_stats.csv,/var/tmp/atighedl_runs/final_all_scenes_oacnn_interleaved_200ep/20260513-180853/spconv_root/runs/bigcity/r60/d16/spconv/OACNN_bigcity_spconv_d16_r60_200ep_timing/eval_log.csv,0.9869226054711775,0.013077394528822412,0.0029480368395690044,0.007964247134937428,0.29764404865828425,0.5077670487490568,17.706114395701345,0.20513769733819914,17.56078600010369,20.463307002501097,0.2007879385194974,0.21214835120827047,17.293178105973578,198.71240234375,274.41552734375,384.81982421875,16088896,0.02660337578166615,0.0015076178188831817,0.02304166555404663,0.029936015605926514
bigcity,r60,32,fvdb,OACNN_bigcity_fvdb_d32_r60_200ep,200,bigcity_final_r60,/var/tmp/atighedl_runs/canonical_data/FINAL_GVPVV/BIGCITY_FINAL/bigcity/r60,/var/tmp/atighedl_runs/final_all_scenes_oacnn_interleaved_200ep/20260513-180853/fvdb_root/runs/bigcity/r60/d32/fvdb/OACNN_bigcity_fvdb_d32_r60_200ep,/var/tmp/atighedl_runs/final_all_scenes_oacnn_interleaved_200ep/20260513-180853/fvdb_root/runs/bigcity/r60/d32/fvdb/OACNN_bigcity_fvdb_d32_r60_200ep_infer,/var/tmp/atighedl_runs/final_all_scenes_oacnn_interleaved_200ep/20260513-180853/fvdb_root/runs/bigcity/r60/d32/fvdb/OACNN_bigcity_fvdb_d32_r60_200ep_timing,55,/var/tmp/atighedl_runs/final_all_scenes_oacnn_interleaved_200ep/20260513-180853/fvdb_root/runs/bigcity/r60/d32/fvdb/OACNN_bigcity_fvdb_d32_r60_200ep_infer/eval_stats.csv,/var/tmp/atighedl_runs/final_all_scenes_oacnn_interleaved_200ep/20260513-180853/fvdb_root/runs/bigcity/r60/d32/fvdb/OACNN_bigcity_fvdb_d32_r60_200ep_timing/eval_log.csv,0.9783876451579008,0.021612354842099234,0.0027463713718712695,0.015953028828582932,0.597027389569716,0.8071956298568032,44.29283500882123,0.3482226730983777,43.97914199944353,47.16029100382002,1.6909106516638228,12.313474624356676,30.28844973280073,363.5908203125,417.890625,714.88037109375,68035392,0.02660337578166615,0.0015076178188831817,0.02304166555404663,0.029936015605926514
bigcity,r60,32,spconv,OACNN_bigcity_spconv_d32_r60_200ep,200,bigcity_final_r60,/var/tmp/atighedl_runs/canonical_data/FINAL_GVPVV/BIGCITY_FINAL/bigcity/r60,/var/tmp/atighedl_runs/final_all_scenes_oacnn_interleaved_200ep/20260513-180853/spconv_root/runs/bigcity/r60/d32/spconv/OACNN_bigcity_spconv_d32_r60_200ep,/var/tmp/atighedl_runs/final_all_scenes_oacnn_interleaved_200ep/20260513-180853/spconv_root/runs/bigcity/r60/d32/spconv/OACNN_bigcity_spconv_d32_r60_200ep_infer,/var/tmp/atighedl_runs/final_all_scenes_oacnn_interleaved_200ep/20260513-180853/spconv_root/runs/bigcity/r60/d32/spconv/OACNN_bigcity_spconv_d32_r60_200ep_timing,55,/var/tmp/atighedl_runs/final_all_scenes_oacnn_interleaved_200ep/20260513-180853/spconv_root/runs/bigcity/r60/d32/spconv/OACNN_bigcity_spconv_d32_r60_200ep_infer/eval_stats.csv,/var/tmp/atighedl_runs/final_all_scenes_oacnn_interleaved_200ep/20260513-180853/spconv_root/runs/bigcity/r60/d32/spconv/OACNN_bigcity_spconv_d32_r60_200ep_timing/eval_log.csv,0.982838861508803,0.017161138491197013,0.0023625375163232945,0.01210251955146135,0.45302420258522036,0.6632773822004144,23.25340384669727,0.09282145543769352,23.1366549996892,24.29863400175236,0.24284716985649926,0.2053397243600921,22.80521695248068,397.50927734375,528.75927734375,672.943359375,68415296,0.02660337578166615,0.0015076178188831817,0.02304166555404663,0.029936015605926514
bigcity,r90,8,fvdb,OACNN_bigcity_fvdb_d8_r90_200ep,200,bigcity_final_r90,/var/tmp/atighedl_runs/canonical_data/FINAL_GVPVV/BIGCITY_FINAL/bigcity/r90,/var/tmp/atighedl_runs/final_all_scenes_oacnn_interleaved_200ep/20260513-180853/fvdb_root/runs/bigcity/r90/d8/fvdb/OACNN_bigcity_fvdb_d8_r90_200ep,/var/tmp/atighedl_runs/final_all_scenes_oacnn_interleaved_200ep/20260513-180853/fvdb_root/runs/bigcity/r90/d8/fvdb/OACNN_bigcity_fvdb_d8_r90_200ep_infer,/var/tmp/atighedl_runs/final_all_scenes_oacnn_interleaved_200ep/20260513-180853/fvdb_root/runs/bigcity/r90/d8/fvdb/OACNN_bigcity_fvdb_d8_r90_200ep_timing,41,/var/tmp/atighedl_runs/final_all_scenes_oacnn_interleaved_200ep/20260513-180853/fvdb_root/runs/bigcity/r90/d8/fvdb/OACNN_bigcity_fvdb_d8_r90_200ep_infer/eval_stats.csv,/var/tmp/atighedl_runs/final_all_scenes_oacnn_interleaved_200ep/20260513-180853/fvdb_root/runs/bigcity/r90/d8/fvdb/OACNN_bigcity_fvdb_d8_r90_200ep_timing/eval_log.csv,0.9916155149297017,0.008384485070298306,0.00027362242509495544,0.014607704767003248,0.5472804962134943,0.8193913988950776,38.90221372082949,0.3071822186422475,38.640086000668816,41.66674299631268,1.571372454377524,3.7791967812332117,33.55164448521875,123.10302734375,144.0859375,254.47314453125,9168192,0.026545600193302807,0.0015517214975675462,0.022970616817474365,0.02969050407409668
bigcity,r90,8,spconv,OACNN_bigcity_spconv_d8_r90_200ep,200,bigcity_final_r90,/var/tmp/atighedl_runs/canonical_data/FINAL_GVPVV/BIGCITY_FINAL/bigcity/r90,/var/tmp/atighedl_runs/final_all_scenes_oacnn_interleaved_200ep/20260513-180853/spconv_root/runs/bigcity/r90/d8/spconv/OACNN_bigcity_spconv_d8_r90_200ep,/var/tmp/atighedl_runs/final_all_scenes_oacnn_interleaved_200ep/20260513-180853/spconv_root/runs/bigcity/r90/d8/spconv/OACNN_bigcity_spconv_d8_r90_200ep_infer,/var/tmp/atighedl_runs/final_all_scenes_oacnn_interleaved_200ep/20260513-180853/spconv_root/runs/bigcity/r90/d8/spconv/OACNN_bigcity_spconv_d8_r90_200ep_timing,41,/var/tmp/atighedl_runs/final_all_scenes_oacnn_interleaved_200ep/20260513-180853/spconv_root/runs/bigcity/r90/d8/spconv/OACNN_bigcity_spconv_d8_r90_200ep_infer/eval_stats.csv,/var/tmp/atighedl_runs/final_all_scenes_oacnn_interleaved_200ep/20260513-180853/spconv_root/runs/bigcity/r90/d8/spconv/OACNN_bigcity_spconv_d8_r90_200ep_timing/eval_log.csv,0.9934680403732672,0.006531959626732753,0.0014409724493061901,0.008373510683091629,0.31377848401302244,0.5855740962958917,17.275498279020116,0.08703044508284145,17.157340997073334,18.397867999738082,0.21578813704157557,0.21613256462569555,16.843577577352846,172.76123046875,220.30029296875,313.9482421875,9548096,0.026545600193302807,0.0015517214975675462,0.022970616817474365,0.02969050407409668
bigcity,r90,16,fvdb,OACNN_bigcity_fvdb_d16_r90_200ep,200,bigcity_final_r90,/var/tmp/atighedl_runs/canonical_data/FINAL_GVPVV/BIGCITY_FINAL/bigcity/r90,/var/tmp/atighedl_runs/final_all_scenes_oacnn_interleaved_200ep/20260513-180853/fvdb_root/runs/bigcity/r90/d16/fvdb/OACNN_bigcity_fvdb_d16_r90_200ep,/var/tmp/atighedl_runs/final_all_scenes_oacnn_interleaved_200ep/20260513-180853/fvdb_root/runs/bigcity/r90/d16/fvdb/OACNN_bigcity_fvdb_d16_r90_200ep_infer,/var/tmp/atighedl_runs/final_all_scenes_oacnn_interleaved_200ep/20260513-180853/fvdb_root/runs/bigcity/r90/d16/fvdb/OACNN_bigcity_fvdb_d16_r90_200ep_timing,41,/var/tmp/atighedl_runs/final_all_scenes_oacnn_interleaved_200ep/20260513-180853/fvdb_root/runs/bigcity/r90/d16/fvdb/OACNN_bigcity_fvdb_d16_r90_200ep_infer/eval_stats.csv,/var/tmp/atighedl_runs/final_all_scenes_oacnn_interleaved_200ep/20260513-180853/fvdb_root/runs/bigcity/r90/d16/fvdb/OACNN_bigcity_fvdb_d16_r90_200ep_timing/eval_log.csv,0.9882566100213586,0.011743389978641362,0.0014906783054778163,0.011991694297005452,0.44966335994441337,0.7214391362376329,40.86462784554039,0.29140490880225767,40.55266499926802,42.54781999770785,1.577003714685361,6.578213324718927,32.709410806136106,153.21533203125,184.2138671875,351.7392578125,15708992,0.026545600193302807,0.0015517214975675462,0.022970616817474365,0.02969050407409668
bigcity,r90,16,spconv,OACNN_bigcity_spconv_d16_r90_200ep,200,bigcity_final_r90,/var/tmp/atighedl_runs/canonical_data/FINAL_GVPVV/BIGCITY_FINAL/bigcity/r90,/var/tmp/atighedl_runs/final_all_scenes_oacnn_interleaved_200ep/20260513-180853/spconv_root/runs/bigcity/r90/d16/spconv/OACNN_bigcity_spconv_d16_r90_200ep,/var/tmp/atighedl_runs/final_all_scenes_oacnn_interleaved_200ep/20260513-180853/spconv_root/runs/bigcity/r90/d16/spconv/OACNN_bigcity_spconv_d16_r90_200ep_infer,/var/tmp/atighedl_runs/final_all_scenes_oacnn_interleaved_200ep/20260513-180853/spconv_root/runs/bigcity/r90/d16/spconv/OACNN_bigcity_spconv_d16_r90_200ep_timing,41,/var/tmp/atighedl_runs/final_all_scenes_oacnn_interleaved_200ep/20260513-180853/spconv_root/runs/bigcity/r90/d16/spconv/OACNN_bigcity_spconv_d16_r90_200ep_infer/eval_stats.csv,/var/tmp/atighedl_runs/final_all_scenes_oacnn_interleaved_200ep/20260513-180853/spconv_root/runs/bigcity/r90/d16/spconv/OACNN_bigcity_spconv_d16_r90_200ep_timing/eval_log.csv,0.9885487992589067,0.011451200741093289,0.0014702556853568244,0.010075823608331515,0.3775515738056927,0.6493351270512837,17.552564982038906,0.2818792051251945,17.36450399766909,20.548476997646503,0.2006388066004729,0.21253060537461954,17.13939557006381,198.71240234375,272.07177734375,380.48583984375,16088896,0.026545600193302807,0.0015517214975675462,0.022970616817474365,0.02969050407409668
bigcity,r90,32,fvdb,OACNN_bigcity_fvdb_d32_r90_200ep,200,bigcity_final_r90,/var/tmp/atighedl_runs/canonical_data/FINAL_GVPVV/BIGCITY_FINAL/bigcity/r90,/var/tmp/atighedl_runs/final_all_scenes_oacnn_interleaved_200ep/20260513-180853/fvdb_root/runs/bigcity/r90/d32/fvdb/OACNN_bigcity_fvdb_d32_r90_200ep,/var/tmp/atighedl_runs/final_all_scenes_oacnn_interleaved_200ep/20260513-180853/fvdb_root/runs/bigcity/r90/d32/fvdb/OACNN_bigcity_fvdb_d32_r90_200ep_infer,/var/tmp/atighedl_runs/final_all_scenes_oacnn_interleaved_200ep/20260513-180853/fvdb_root/runs/bigcity/r90/d32/fvdb/OACNN_bigcity_fvdb_d32_r90_200ep_timing,41,/var/tmp/atighedl_runs/final_all_scenes_oacnn_interleaved_200ep/20260513-180853/fvdb_root/runs/bigcity/r90/d32/fvdb/OACNN_bigcity_fvdb_d32_r90_200ep_infer/eval_stats.csv,/var/tmp/atighedl_runs/final_all_scenes_oacnn_interleaved_200ep/20260513-180853/fvdb_root/runs/bigcity/r90/d32/fvdb/OACNN_bigcity_fvdb_d32_r90_200ep_timing/eval_log.csv,0.979912297027867,0.020087702972132943,0.0027981411726946503,0.01644452297832903,0.6151191374150718,0.8865530956082228,43.599279434609976,0.2580643442522683,43.29582499485696,45.704121999733616,1.6761920803328396,11.683701648973171,30.239385705303967,363.3369140625,417.12451171875,711.3017578125,68035392,0.026545600193302807,0.0015517214975675462,0.022970616817474365,0.02969050407409668
bigcity,r90,32,spconv,OACNN_bigcity_spconv_d32_r90_200ep,200,bigcity_final_r90,/var/tmp/atighedl_runs/canonical_data/FINAL_GVPVV/BIGCITY_FINAL/bigcity/r90,/var/tmp/atighedl_runs/final_all_scenes_oacnn_interleaved_200ep/20260513-180853/spconv_root/runs/bigcity/r90/d32/spconv/OACNN_bigcity_spconv_d32_r90_200ep,/var/tmp/atighedl_runs/final_all_scenes_oacnn_interleaved_200ep/20260513-180853/spconv_root/runs/bigcity/r90/d32/spconv/OACNN_bigcity_spconv_d32_r90_200ep_infer,/var/tmp/atighedl_runs/final_all_scenes_oacnn_interleaved_200ep/20260513-180853/spconv_root/runs/bigcity/r90/d32/spconv/OACNN_bigcity_spconv_d32_r90_200ep_timing,41,/var/tmp/atighedl_runs/final_all_scenes_oacnn_interleaved_200ep/20260513-180853/spconv_root/runs/bigcity/r90/d32/spconv/OACNN_bigcity_spconv_d32_r90_200ep_infer/eval_stats.csv,/var/tmp/atighedl_runs/final_all_scenes_oacnn_interleaved_200ep/20260513-180853/spconv_root/runs/bigcity/r90/d32/spconv/OACNN_bigcity_spconv_d32_r90_200ep_timing/eval_log.csv,0.9830369091615444,0.016963090838455517,0.0019539517897344647,0.013730717368605606,0.5147802211889406,0.786430712153272,23.142662156434422,0.11921867872079049,22.99255300022196,24.223732005339116,0.2428242523327796,0.20570983615965818,22.694128067941985,397.50927734375,527.50927734375,670.9423828125,68415296,0.026545600193302807,0.0015517214975675462,0.022970616817474365,0.02969050407409668
